fecha,visita,casa,abridor_v,abridor_c,lam_v,lam_c,total_esp,p_casa,p_over75,p_over85,p_over95,total_f5,p_casa_f5,p_empate_f5,p_visita_f5,p_over45_f5,rl_casa_f5,rl_visita_f5,p_nrfi
06/10/2026,Chicago Cubs,Colorado Rockies,Shota Imanaga,Michael Lorenzen,6.09,6.13,12.22,0.506,0.917,0.856,0.771,,,,,,,
06/10/2026,Milwaukee Brewers,Athletics,Brandon Sproat,Jack Perkins,5.10,5.79,10.89,0.586,0.847,0.756,0.648,,,,,,,
06/10/2026,Houston Astros,Los Angeles Angels,Peter Lambert,Reid Detmers,3.60,4.40,8.00,0.615,0.545,0.404,0.281,,,,,,,
06/10/2026,Houston Astros,Los Angeles Angels,Peter Lambert,Reid Detmers,3.60,4.40,8.00,0.615,0.545,0.404,0.281,,,,,,,
06/14/2026,Miami Marlins,Pittsburgh Pirates,Max Meyer,Paul Skenes,3.29,4.53,7.82,0.676,0.518,0.390,0.268,,,,,,,
06/14/2026,San Diego Padres,Baltimore Orioles,Walker Buehler,Trevor Rogers,4.12,4.38,8.50,0.543,0.618,0.480,0.347,,,,,,,
06/14/2026,Seattle Mariners,Washington Nationals,Emerson Hancock,PJ Poulin,5.02,5.29,10.32,0.536,0.804,0.698,0.579,,,,,,,
06/14/2026,New York Yankees,Toronto Blue Jays,Will Warren,Patrick Corbin,5.38,3.73,9.11,0.287,0.690,0.565,0.433,,,,,,,
06/14/2026,Arizona Diamondbacks,Cincinnati Reds,Zac Gallen,Andrew Abbott,4.90,5.06,9.96,0.522,0.777,0.666,0.537,,,,,,,
06/14/2026,Detroit Tigers,Cleveland Guardians,Casey Mize,Gavin Williams,3.71,3.07,6.79,0.396,0.375,0.250,0.149,,,,,,,
06/14/2026,Atlanta Braves,New York Mets,Bryce Elder,Freddy Peralta,4.99,3.67,8.67,0.325,0.638,0.505,0.375,,,,,,,
06/14/2026,Houston Astros,Kansas City Royals,Spencer Arrighetti,Stephen Kolek,4.60,4.24,8.84,0.454,0.661,0.526,0.396,,,,,,,
06/14/2026,St. Louis Cardinals,Minnesota Twins,Michael McGreevy,Taj Bradley,4.61,4.93,9.54,0.546,0.742,0.618,0.492,,,,,,,
06/14/2026,Los Angeles Dodgers,Chicago White Sox,Emmet Sheehan,Bryan Hudson,4.95,5.22,10.17,0.536,0.789,0.684,0.566,,,,,,,
06/14/2026,Philadelphia Phillies,Milwaukee Brewers,Cristopher Sánchez,Kyle Harrison,3.57,3.25,6.83,0.452,0.377,0.254,0.157,,,,,,,
06/14/2026,Colorado Rockies,Athletics,Tomoyuki Sugano,Jeffrey Springs,5.24,5.67,10.91,0.556,0.847,0.752,0.645,,,,,,,
06/14/2026,Chicago Cubs,San Francisco Giants,Ryan Rolison,Logan Webb,3.59,3.97,7.56,0.554,0.484,0.353,0.242,,,,,,,
06/14/2026,Tampa Bay Rays,Los Angeles Angels,Casey Legumina,Grayson Rodriguez,4.96,4.35,9.31,0.421,0.713,0.588,0.458,,,,,,,
06/14/2026,Texas Rangers,Boston Red Sox,Nathan Eovaldi,Connelly Early,4.65,4.81,9.47,0.525,0.724,0.599,0.474,,,,,,,
06/18/2026,Toronto Blue Jays,Boston Red Sox,Trey Yesavage,Sonny Gray,3.81,3.79,7.60,0.499,0.459,0.359,0.277,,,,,,,
06/18/2026,Cleveland Guardians,Milwaukee Brewers,Parker Messick,Shane Drohan,3.03,4.79,7.82,0.679,0.475,0.380,0.295,,,,,,,
06/18/2026,Minnesota Twins,Texas Rangers,Joe Ryan,Jack Leiter,4.65,3.64,8.29,0.398,0.534,0.437,0.348,,,,,,,
06/18/2026,Baltimore Orioles,Seattle Mariners,Shane Baz,Bryan Woo,3.81,4.07,7.88,0.522,0.496,0.398,0.306,,,,,,,
06/18/2026,New York Mets,Philadelphia Phillies,Sean Manaea,Aaron Nola,4.17,3.95,8.13,0.473,0.514,0.420,0.333,,,,,,,
06/18/2026,Chicago White Sox,New York Yankees,Sean Burke,Ryan Weathers,4.98,5.63,10.61,0.558,0.716,0.631,0.542,,,,,,,
06/18/2026,San Francisco Giants,Atlanta Braves,Landen Roupp,Martín Pérez,4.14,4.10,8.24,0.504,0.518,0.422,0.334,,,,,,,
06/18/2026,St. Louis Cardinals,Kansas City Royals,Matthew Liberatore,Noah Cameron,4.21,4.36,8.57,0.507,0.542,0.449,0.361,,,,,,,
07/02/2026,Pittsburgh Pirates,Philadelphia Phillies,Jared Jones,Alan Rangel,4.48,6.25,10.73,0.640,0.715,0.632,0.548,5.76,0.572,0.137,0.291,0.582,0.709,0.428
07/02/2026,Cincinnati Reds,Milwaukee Brewers,Chase Burns,Jacob Misiorowski,2.48,4.81,7.29,0.743,0.420,0.326,0.246,3.65,0.583,0.185,0.232,0.316,0.768,0.417
07/02/2026,Miami Marlins,Colorado Rockies,Ryan Gusto,Michael Lorenzen,5.86,6.46,12.32,0.545,0.800,0.732,0.658,6.75,0.462,0.119,0.419,0.675,0.581,0.538
07/02/2026,Chicago White Sox,Cleveland Guardians,Davis Martin,Slade Cecconi,5.00,3.74,8.74,0.383,0.570,0.474,0.386,4.81,0.340,0.157,0.503,0.475,0.497,0.660
07/02/2026,St. Louis Cardinals,Atlanta Braves,Dustin May,Hurston Waldrep,5.79,3.87,9.66,0.332,0.643,0.553,0.465,5.52,0.291,0.139,0.570,0.557,0.430,0.709
07/02/2026,Tampa Bay Rays,Kansas City Royals,Ian Seymour,Stephen Kolek,6.00,4.60,10.60,0.392,0.707,0.625,0.541,6.28,0.325,0.125,0.550,0.632,0.450,0.675
07/02/2026,Detroit Tigers,Texas Rangers,Framber Valdez,Nathan Eovaldi,3.82,4.24,8.06,0.543,0.505,0.408,0.320,4.28,0.442,0.172,0.386,0.406,0.614,0.558
07/02/2026,Los Angeles Angels,Seattle Mariners,Walbert Ureña,Bryce Miller,3.22,3.98,7.20,0.584,0.418,0.320,0.240,3.76,0.460,0.193,0.347,0.327,0.653,0.540
07/02/2026,San Diego Padres,Los Angeles Dodgers,Randy Vásquez,Roki Sasaki,4.05,5.81,9.85,0.650,0.656,0.567,0.481,5.76,0.526,0.136,0.338,0.582,0.662,0.474
07/07/2026,Milwaukee Brewers,St. Louis Cardinals,Robert Gasser,Hunter Dobbins,4.70,4.37,9.08,0.468,0.598,0.504,0.413,4.78,0.406,0.160,0.433,0.470,0.567,0.594
07/07/2026,Chicago Cubs,Baltimore Orioles,Matthew Boyd,Shane Baz,4.80,4.12,8.92,0.436,0.585,0.488,0.397,4.56,0.366,0.167,0.467,0.443,0.533,0.634
07/07/2026,Athletics,Detroit Tigers,J.T. Ginn,Tarik Skubal,4.41,4.40,8.80,0.500,0.576,0.478,0.388,4.52,0.418,0.167,0.415,0.437,0.585,0.582
07/07/2026,Atlanta Braves,Pittsburgh Pirates,Hurston Waldrep,Paul Skenes,4.25,5.33,9.58,0.594,0.636,0.544,0.455,5.02,0.514,0.154,0.333,0.499,0.667,0.486
07/07/2026,Seattle Mariners,Miami Marlins,Bryan Woo,Max Meyer,3.58,4.28,7.86,0.571,0.485,0.388,0.302,4.06,0.451,0.185,0.365,0.376,0.635,0.549
07/07/2026,New York Yankees,Tampa Bay Rays,Will Warren,Ian Seymour,4.05,4.13,8.18,0.509,0.514,0.417,0.329,4.23,0.427,0.176,0.396,0.401,0.604,0.573
07/07/2026,Houston Astros,Washington Nationals,Tatsuya Imai,Andrew Alvarez,4.37,5.51,9.87,0.599,0.659,0.570,0.482,4.94,0.513,0.154,0.333,0.489,0.667,0.487
07/07/2026,Philadelphia Phillies,Cincinnati Reds,Zack Wheeler,Andrew Abbott,5.17,3.73,8.90,0.364,0.582,0.485,0.395,4.61,0.328,0.164,0.508,0.445,0.492,0.672
07/07/2026,Cleveland Guardians,Minnesota Twins,Joey Cantillo,Taj Bradley,3.70,4.58,8.28,0.580,0.531,0.431,0.342,4.26,0.487,0.176,0.337,0.401,0.663,0.513
07/07/2026,Boston Red Sox,Chicago White Sox,Payton Tolle,Noah Schultz,4.75,5.00,9.75,0.524,0.655,0.564,0.476,5.17,0.434,0.153,0.413,0.517,0.587,0.566
07/07/2026,Los Angeles Angels,Texas Rangers,José Soriano,Jacob deGrom,3.86,4.37,8.23,0.549,0.528,0.429,0.340,4.21,0.448,0.174,0.378,0.395,0.622,0.552
07/07/2026,Arizona Diamondbacks,San Diego Padres,Zac Gallen,Germán Márquez,3.70,3.64,7.34,0.498,0.432,0.335,0.254,4.11,0.401,0.182,0.418,0.377,0.582,0.599
07/07/2026,Toronto Blue Jays,San Francisco Giants,Spencer Miles,Trevor McDonald,3.23,4.02,7.26,0.589,0.425,0.328,0.245,3.66,0.464,0.199,0.336,0.313,0.664,0.536
07/07/2026,Colorado Rockies,Los Angeles Dodgers,Michael Lorenzen,Justin Wrobleski,4.52,5.61,10.13,0.596,0.680,0.590,0.502,5.31,0.494,0.145,0.361,0.530,0.639,0.506
07/07/2026,Kansas City Royals,New York Mets,Seth Lugo,Cionel Pérez,4.20,4.30,8.50,0.509,0.549,0.450,0.360,4.43,0.404,0.173,0.423,0.424,0.577,0.596
07/08/2026,Toronto Blue Jays,San Francisco Giants,Dylan Cease,Logan Webb,3.35,3.66,7.01,0.537,0.398,0.303,0.224,3.49,0.409,0.205,0.386,0.288,0.614,0.591
07/08/2026,Chicago Cubs,Baltimore Orioles,Colin Rea,Dean Kremer,5.12,4.60,9.72,0.456,0.647,0.555,0.467,5.12,0.381,0.153,0.466,0.512,0.534,0.619
07/08/2026,Athletics,Detroit Tigers,Jeffrey Springs,Troy Melton,4.34,4.83,9.16,0.545,0.607,0.512,0.419,4.93,0.471,0.155,0.374,0.487,0.626,0.529
07/08/2026,Atlanta Braves,Pittsburgh Pirates,Grant Holmes,Jared Jones,4.39,5.80,10.19,0.621,0.685,0.599,0.511,5.50,0.534,0.141,0.325,0.555,0.675,0.466
07/08/2026,Seattle Mariners,Miami Marlins,George Kirby,Tyler Phillips,3.86,4.49,8.35,0.562,0.531,0.433,0.347,4.45,0.444,0.169,0.387,0.429,0.613,0.556
07/08/2026,New York Yankees,Tampa Bay Rays,Gerrit Cole,Shane McClanahan,4.04,4.32,8.35,0.528,0.533,0.436,0.348,4.38,0.461,0.171,0.368,0.415,0.632,0.539
07/08/2026,Houston Astros,Washington Nationals,Spencer Arrighetti,Foster Griffin,4.49,5.65,10.14,0.600,0.677,0.590,0.504,5.29,0.512,0.144,0.344,0.534,0.656,0.488
07/08/2026,Kansas City Royals,New York Mets,Steven Cruz,Christian Scott,4.74,4.69,9.44,0.494,0.628,0.536,0.448,4.99,0.400,0.156,0.444,0.499,0.556,0.600
07/08/2026,Cleveland Guardians,Minnesota Twins,Slade Cecconi,Connor Prielipp,3.46,5.29,8.75,0.672,0.568,0.473,0.385,4.59,0.549,0.160,0.291,0.443,0.709,0.451
07/08/2026,Boston Red Sox,Chicago White Sox,Jake Bennett,Davis Martin,3.99,4.61,8.60,0.560,0.554,0.458,0.369,4.38,0.467,0.171,0.362,0.415,0.638,0.533
07/08/2026,Milwaukee Brewers,St. Louis Cardinals,Kyle Harrison,Michael McGreevy,4.85,3.92,8.77,0.417,0.570,0.472,0.382,4.53,0.349,0.166,0.484,0.437,0.516,0.651
07/08/2026,Los Angeles Angels,Texas Rangers,Walbert Ureña,MacKenzie Gore,3.80,4.37,8.16,0.560,0.510,0.412,0.326,4.08,0.446,0.180,0.374,0.377,0.626,0.554
07/08/2026,Colorado Rockies,Los Angeles Dodgers,Gabriel Hughes,Roki Sasaki,5.57,5.36,10.94,0.482,0.732,0.652,0.567,5.95,0.390,0.136,0.473,0.604,0.527,0.610
07/08/2026,Arizona Diamondbacks,San Diego Padres,Jose Cabrera,Michael King,3.23,3.47,6.70,0.524,0.360,0.271,0.196,3.57,0.422,0.207,0.372,0.304,0.628,0.578
07/08/2026,Philadelphia Phillies,Cincinnati Reds,Alan Rangel,Chase Burns,4.97,3.74,8.71,0.383,0.566,0.469,0.383,4.37,0.361,0.173,0.466,0.413,0.534,0.639
07/09/2026,Atlanta Braves,Pittsburgh Pirates,Bryce Elder,Mitch Keller,4.51,5.47,9.98,0.579,0.669,0.581,0.493,5.41,0.496,0.144,0.360,0.545,0.640,0.504
07/09/2026,Kansas City Royals,New York Mets,Michael Wacha,Sean Manaea,4.44,4.31,8.74,0.486,0.569,0.473,0.383,4.52,0.393,0.168,0.440,0.437,0.560,0.607
07/09/2026,Chicago Cubs,Baltimore Orioles,David Peterson,Trevor Rogers,5.20,4.29,9.49,0.420,0.630,0.540,0.449,4.88,0.361,0.157,0.481,0.481,0.519,0.639
07/09/2026,Cleveland Guardians,Minnesota Twins,Gavin Williams,Bailey Ober,4.06,5.03,9.09,0.588,0.600,0.507,0.414,4.80,0.473,0.158,0.369,0.470,0.631,0.527
07/09/2026,Athletics,Detroit Tigers,Jack Perkins,Framber Valdez,4.37,4.47,8.84,0.508,0.576,0.479,0.391,4.58,0.416,0.167,0.417,0.448,0.583,0.584
07/09/2026,Seattle Mariners,Miami Marlins,Bryce Miller,Janson Junk,3.65,4.28,7.94,0.564,0.492,0.397,0.310,4.19,0.436,0.178,0.387,0.395,0.613,0.564
07/09/2026,Philadelphia Phillies,Cincinnati Reds,Jesús Luzardo,Brady Singer,5.62,4.16,9.78,0.373,0.656,0.566,0.476,5.00,0.326,0.151,0.523,0.497,0.477,0.674
07/09/2026,Milwaukee Brewers,St. Louis Cardinals,Logan Henderson,Andre Pallante,4.50,4.06,8.55,0.460,0.552,0.455,0.366,4.40,0.390,0.171,0.439,0.421,0.561,0.610
07/09/2026,Los Angeles Angels,Texas Rangers,Reid Detmers,Nathan Eovaldi,4.16,4.24,8.40,0.509,0.536,0.440,0.352,4.24,0.406,0.177,0.417,0.397,0.583,0.594
07/09/2026,Arizona Diamondbacks,San Diego Padres,Merrill Kelly,Griffin Canning,3.33,3.99,7.32,0.572,0.434,0.336,0.254,4.01,0.466,0.184,0.350,0.367,0.650,0.534
07/09/2026,New York Yankees,Tampa Bay Rays,Paul Blackburn,Drew Rasmussen,3.95,4.21,8.16,0.527,0.509,0.412,0.327,4.20,0.445,0.179,0.376,0.391,0.624,0.555
07/09/2026,Colorado Rockies,San Francisco Giants,Ryan Feltner,Carson Whisenhunt,3.98,4.07,8.05,0.511,0.506,0.409,0.321,4.14,0.424,0.177,0.399,0.386,0.601,0.576
07/10/2026,Philadelphia Phillies,Detroit Tigers,Aaron Nola,Jack Flaherty,4.03,4.29,8.32,0.523,0.532,0.433,0.344,4.39,0.450,0.170,0.380,0.420,0.621,0.550
07/10/2026,Milwaukee Brewers,Pittsburgh Pirates,Brandon Sproat,Braxton Ashcraft,4.57,5.23,9.80,0.556,0.654,0.563,0.475,5.11,0.484,0.152,0.363,0.512,0.637,0.516
07/10/2026,New York Yankees,Washington Nationals,Ryan Weathers,Carson Palmquist,4.71,5.17,9.88,0.544,0.661,0.572,0.486,5.09,0.467,0.151,0.381,0.508,0.619,0.533
07/10/2026,Kansas City Royals,Baltimore Orioles,Luinder Avila,Brandon Young,4.06,4.80,8.87,0.574,0.585,0.488,0.398,4.48,0.448,0.171,0.381,0.431,0.619,0.552
07/10/2026,Chicago Cubs,Cincinnati Reds,Shota Imanaga,Hunter Greene,5.66,4.80,10.46,0.425,0.702,0.615,0.529,5.34,0.384,0.146,0.470,0.537,0.530,0.616
07/10/2026,Seattle Mariners,Tampa Bay Rays,Luis Castillo,Nick Martinez,4.03,4.09,8.12,0.510,0.512,0.413,0.324,4.20,0.426,0.174,0.400,0.394,0.600,0.574
07/10/2026,Cleveland Guardians,Miami Marlins,Parker Messick,Sandy Alcantara,3.46,4.03,7.49,0.560,0.449,0.351,0.269,3.87,0.433,0.192,0.375,0.345,0.625,0.567
07/10/2026,Boston Red Sox,New York Mets,Sonny Gray,Nolan McLean,3.48,3.88,7.36,0.546,0.436,0.340,0.258,3.82,0.433,0.191,0.376,0.342,0.624,0.567
07/10/2026,Athletics,Chicago White Sox,Jacob Lopez,Sean Burke,4.04,4.87,8.90,0.575,0.581,0.484,0.397,4.61,0.479,0.167,0.355,0.448,0.645,0.521
07/10/2026,Houston Astros,Texas Rangers,Hunter Brown,Cal Quantrill,4.42,4.31,8.73,0.495,0.569,0.472,0.381,4.61,0.412,0.165,0.423,0.450,0.577,0.588
07/10/2026,Los Angeles Angels,Minnesota Twins,Grayson Rodriguez,Zebby Matthews,4.63,5.39,10.03,0.564,0.669,0.581,0.492,5.27,0.468,0.150,0.381,0.528,0.619,0.532
07/10/2026,Atlanta Braves,St. Louis Cardinals,Chris Sale,Kyle Leahy,4.41,3.93,8.34,0.454,0.535,0.438,0.350,4.29,0.384,0.177,0.439,0.408,0.561,0.616
07/10/2026,Toronto Blue Jays,San Diego Padres,Shane Bieber,JP Sears,3.44,4.09,7.53,0.568,0.451,0.354,0.269,4.22,0.468,0.176,0.356,0.397,0.644,0.532
07/10/2026,Colorado Rockies,San Francisco Giants,Tanner Gordon,Robbie Ray,3.99,4.33,8.33,0.536,0.531,0.433,0.345,4.41,0.447,0.172,0.382,0.420,0.618,0.553
07/11/2026,Milwaukee Brewers,Pittsburgh Pirates,Shane Drohan,Bubba Chandler,5.03,4.37,9.40,0.443,0.624,0.530,0.440,4.91,0.376,0.158,0.467,0.489,0.533,0.624
07/11/2026,Boston Red Sox,New York Mets,Eduardo Rivera,Freddy Peralta,3.67,4.00,7.67,0.535,0.467,0.371,0.286,4.04,0.431,0.181,0.388,0.373,0.612,0.569
07/11/2026,Cleveland Guardians,Miami Marlins,Tanner Bibee,Eury Pérez,3.55,4.73,8.29,0.619,0.527,0.429,0.339,4.50,0.505,0.167,0.328,0.435,0.672,0.495
07/11/2026,Philadelphia Phillies,Detroit Tigers,Cristopher Sánchez,Casey Mize,3.75,4.00,7.75,0.524,0.477,0.379,0.292,3.92,0.425,0.189,0.386,0.354,0.614,0.575
07/11/2026,Kansas City Royals,Baltimore Orioles,Noah Cameron,Kyle Bradish,4.06,4.44,8.50,0.534,0.551,0.453,0.362,4.32,0.426,0.173,0.401,0.410,0.599,0.574
07/11/2026,Houston Astros,Texas Rangers,Peter Lambert,Kumar Rocker,4.17,4.29,8.47,0.512,0.547,0.449,0.360,4.35,0.429,0.170,0.400,0.411,0.600,0.571
07/11/2026,Chicago Cubs,Cincinnati Reds,Javier Assad,Nick Lodolo,5.72,4.40,10.13,0.390,0.679,0.591,0.501,5.17,0.365,0.151,0.484,0.518,0.516,0.635
07/11/2026,Atlanta Braves,St. Louis Cardinals,Reynaldo López,Matthew Liberatore,4.42,4.10,8.51,0.469,0.545,0.449,0.359,4.58,0.395,0.166,0.439,0.445,0.561,0.605
07/11/2026,Toronto Blue Jays,San Diego Padres,Trey Yesavage,Walker Buehler,3.72,3.65,7.37,0.493,0.433,0.335,0.253,3.97,0.388,0.190,0.422,0.356,0.578,0.612
07/11/2026,Arizona Diamondbacks,Los Angeles Dodgers,Brandon Pfaadt,Yoshinobu Yamamoto,3.27,5.05,8.32,0.671,0.527,0.430,0.343,4.38,0.542,0.168,0.291,0.412,0.709,0.458
07/12/2026,Arizona Diamondbacks,Los Angeles Dodgers,Mitch Bratt,Emmet Sheehan,3.72,4.66,8.38,0.596,0.534,0.437,0.347,4.48,0.462,0.170,0.368,0.428,0.632,0.538
07/12/2026,Toronto Blue Jays,San Diego Padres,Kevin Gausman,Germán Márquez,3.86,3.78,7.64,0.494,0.468,0.368,0.284,4.15,0.389,0.182,0.429,0.387,0.571,0.611
07/14/2026,American League All-Stars,National League All-Stars,Dylan Cease,Cristopher Sánchez,3.88,3.65,7.53,0.475,0.452,0.354,0.271,3.74,0.377,0.194,0.428,0.328,0.572,0.623
07/16/2026,New York Mets,Philadelphia Phillies,Christian Scott,Aaron Nola,4.12,4.61,8.72,0.547,0.573,0.476,0.387,4.66,0.449,0.165,0.387,0.450,0.613,0.551
07/17/2026,Tampa Bay Rays,Boston Red Sox,Griffin Jax,Jake Bennett,3.97,4.31,8.28,0.535,0.522,0.427,0.339,4.29,0.435,0.175,0.390,0.407,0.610,0.565
07/17/2026,Los Angeles Dodgers,New York Yankees,Roki Sasaki,Gerrit Cole,4.92,4.91,9.82,0.496,0.656,0.567,0.480,5.42,0.451,0.143,0.406,0.545,0.594,0.549
07/17/2026,Pittsburgh Pirates,Cleveland Guardians,Jared Jones,Gavin Williams,5.03,3.83,8.86,0.390,0.578,0.483,0.394,4.52,0.330,0.162,0.508,0.438,0.492,0.670
07/17/2026,Texas Rangers,Atlanta Braves,Cal Quantrill,Chris Sale,3.77,4.72,8.49,0.593,0.547,0.450,0.360,4.45,0.486,0.167,0.347,0.431,0.653,0.514
07/17/2026,Chicago White Sox,Toronto Blue Jays,Anthony Kay,Spencer Miles,4.35,3.97,8.32,0.458,0.530,0.431,0.343,4.35,0.396,0.175,0.429,0.411,0.571,0.604
07/17/2026,Miami Marlins,Milwaukee Brewers,Sandy Alcantara,Logan Henderson,3.99,4.75,8.75,0.572,0.574,0.476,0.384,4.53,0.473,0.167,0.360,0.435,0.640,0.527
07/17/2026,Minnesota Twins,Chicago Cubs,Bailey Ober,Colin Rea,5.08,5.47,10.55,0.530,0.708,0.624,0.538,5.57,0.454,0.143,0.402,0.558,0.598,0.546
07/17/2026,Baltimore Orioles,Houston Astros,Dean Kremer,Peter Lambert,4.61,4.95,9.56,0.527,0.640,0.547,0.457,5.12,0.468,0.149,0.383,0.513,0.617,0.532
07/17/2026,San Diego Padres,Kansas City Royals,Michael King,Seth Lugo,4.37,4.11,8.48,0.476,0.542,0.444,0.354,4.37,0.411,0.173,0.416,0.414,0.584,0.589
07/17/2026,Cincinnati Reds,Colorado Rockies,Brady Singer,Gabriel Hughes,4.39,6.16,10.55,0.644,0.704,0.620,0.536,5.41,0.541,0.142,0.317,0.546,0.683,0.459
07/17/2026,Detroit Tigers,Los Angeles Angels,Troy Melton,Reid Detmers,4.18,4.06,8.24,0.487,0.523,0.426,0.339,4.20,0.406,0.177,0.417,0.397,0.583,0.594
07/17/2026,Washington Nationals,Athletics,Cade Cavalli,Gage Jump,5.62,4.36,9.98,0.392,0.667,0.578,0.490,4.91,0.328,0.155,0.517,0.481,0.483,0.672
07/17/2026,St. Louis Cardinals,Arizona Diamondbacks,Michael McGreevy,Merrill Kelly,4.79,4.13,8.92,0.435,0.587,0.490,0.401,4.79,0.356,0.159,0.485,0.474,0.515,0.644
07/17/2026,San Francisco Giants,Seattle Mariners,Landen Roupp,Bryce Miller,3.52,3.87,7.39,0.537,0.435,0.340,0.256,3.78,0.423,0.192,0.385,0.333,0.615,0.577
07/18/2026,Minnesota Twins,Chicago Cubs,Taj Bradley,Matthew Boyd,4.35,4.88,9.23,0.549,0.606,0.510,0.420,4.67,0.452,0.161,0.387,0.457,0.613,0.548
07/18/2026,New York Mets,Philadelphia Phillies,Sean Manaea,Jesús Luzardo,3.60,4.34,7.95,0.574,0.493,0.395,0.308,4.11,0.480,0.177,0.343,0.380,0.657,0.520
07/18/2026,Chicago White Sox,Toronto Blue Jays,Davis Martin,Shane Bieber,5.15,4.03,9.18,0.399,0.607,0.510,0.423,4.95,0.322,0.152,0.526,0.493,0.474,0.678
07/18/2026,Cincinnati Reds,Colorado Rockies,Rhett Lowder,Tomoyuki Sugano,4.93,5.96,10.88,0.578,0.726,0.644,0.563,5.70,0.473,0.140,0.387,0.574,0.613,0.527
07/18/2026,Baltimore Orioles,Houston Astros,Trevor Rogers,Spencer Arrighetti,4.90,4.23,9.13,0.437,0.600,0.503,0.412,4.87,0.368,0.156,0.476,0.478,0.524,0.632
07/18/2026,San Diego Padres,Kansas City Royals,Griffin Canning,Randy Dobnak,4.31,4.22,8.53,0.496,0.553,0.454,0.364,4.37,0.424,0.173,0.403,0.416,0.597,0.576
07/18/2026,St. Louis Cardinals,Arizona Diamondbacks,Dustin May,Brandon Pfaadt,4.28,4.08,8.36,0.478,0.533,0.436,0.346,4.32,0.382,0.174,0.444,0.410,0.556,0.618
07/18/2026,Tampa Bay Rays,Boston Red Sox,Ian Seymour,Patrick Sandoval,3.88,4.93,8.80,0.603,0.573,0.478,0.390,4.53,0.472,0.167,0.361,0.436,0.639,0.528
07/18/2026,Texas Rangers,Atlanta Braves,MacKenzie Gore,Owen Murphy,3.60,4.53,8.13,0.595,0.517,0.418,0.331,4.24,0.470,0.177,0.353,0.399,0.647,0.530
07/18/2026,Miami Marlins,Milwaukee Brewers,Max Meyer,Shane Drohan,3.90,4.76,8.66,0.580,0.562,0.465,0.376,4.54,0.473,0.169,0.358,0.443,0.641,0.527
07/18/2026,San Francisco Giants,Seattle Mariners,Logan Webb,Bryan Woo,3.53,3.83,7.36,0.535,0.434,0.337,0.255,3.76,0.425,0.196,0.379,0.330,0.621,0.575
07/18/2026,Los Angeles Dodgers,New York Yankees,Emmet Sheehan,Ryan Weathers,4.54,4.36,8.91,0.480,0.585,0.490,0.399,4.70,0.414,0.163,0.423,0.463,0.577,0.586
07/18/2026,Washington Nationals,Athletics,Zack Littell,J.T. Ginn,5.96,4.99,10.96,0.424,0.732,0.652,0.568,5.76,0.377,0.139,0.483,0.584,0.517,0.623
07/18/2026,Detroit Tigers,Los Angeles Angels,Tarik Skubal,Grayson Rodriguez,4.20,4.00,8.20,0.482,0.518,0.421,0.334,4.18,0.389,0.179,0.432,0.392,0.568,0.611
07/19/2026,Tampa Bay Rays,Boston Red Sox,Shane McClanahan,Sonny Gray,4.24,4.76,9.01,0.549,0.590,0.494,0.406,4.58,0.441,0.165,0.393,0.444,0.607,0.559
07/19/2026,New York Mets,Philadelphia Phillies,Nolan McLean,Alan Rangel,3.99,4.24,8.23,0.520,0.521,0.423,0.335,4.29,0.415,0.173,0.412,0.410,0.588,0.585
07/19/2026,Texas Rangers,Atlanta Braves,Nathan Eovaldi,Grant Holmes,3.86,4.70,8.56,0.582,0.548,0.451,0.362,4.53,0.450,0.167,0.383,0.440,0.617,0.550
07/19/2026,Pittsburgh Pirates,Cleveland Guardians,Paul Skenes,Joey Cantillo,4.56,3.68,8.24,0.413,0.527,0.428,0.338,4.19,0.328,0.178,0.493,0.388,0.507,0.672
07/19/2026,Baltimore Orioles,Houston Astros,Brandon Young,Hunter Brown,4.70,4.43,9.12,0.478,0.603,0.511,0.420,4.82,0.403,0.159,0.437,0.478,0.563,0.597
07/19/2026,San Diego Padres,Kansas City Royals,Germán Márquez,Noah Cameron,4.23,4.52,8.75,0.529,0.574,0.477,0.386,4.65,0.465,0.165,0.371,0.454,0.629,0.535
07/19/2026,Miami Marlins,Milwaukee Brewers,Eury Pérez,Robert Gasser,4.32,4.86,9.19,0.546,0.600,0.509,0.419,4.96,0.444,0.153,0.403,0.491,0.597,0.556
07/19/2026,Minnesota Twins,Chicago Cubs,Zebby Matthews,Shota Imanaga,4.38,5.36,9.73,0.584,0.649,0.558,0.470,5.06,0.492,0.152,0.356,0.504,0.644,0.508
07/19/2026,Cincinnati Reds,Colorado Rockies,Hunter Greene,Ryan Feltner,4.81,5.54,10.35,0.558,0.690,0.607,0.520,5.19,0.435,0.154,0.412,0.516,0.588,0.565
07/19/2026,Washington Nationals,Athletics,Foster Griffin,Jacob Lopez,6.17,4.71,10.88,0.381,0.727,0.646,0.563,5.57,0.334,0.140,0.526,0.561,0.474,0.666
07/19/2026,Detroit Tigers,Los Angeles Angels,Casey Mize,Ryan Johnson,4.52,3.66,8.18,0.412,0.515,0.419,0.329,4.29,0.331,0.172,0.498,0.405,0.502,0.669
07/19/2026,San Francisco Giants,Seattle Mariners,Robbie Ray,Logan Gilbert,3.43,3.60,7.02,0.515,0.396,0.301,0.222,3.65,0.420,0.200,0.380,0.315,0.620,0.580
07/19/2026,St. Louis Cardinals,Arizona Diamondbacks,Andre Pallante,Eduardo Rodriguez,4.14,4.17,8.31,0.499,0.533,0.436,0.346,4.29,0.413,0.176,0.412,0.404,0.588,0.587
07/20/2026,Minnesota Twins,Cleveland Guardians,Joe Ryan,Tanner Bibee,4.74,3.51,8.25,0.382,0.523,0.423,0.334,4.29,0.297,0.170,0.533,0.408,0.467,0.703
07/20/2026,Pittsburgh Pirates,New York Yankees,Braxton Ashcraft,Ryan Weathers,4.80,4.50,9.30,0.469,0.614,0.521,0.433,4.81,0.397,0.160,0.443,0.475,0.557,0.603
07/20/2026,Tampa Bay Rays,Toronto Blue Jays,Nick Martinez,Dylan Cease,3.63,4.15,7.78,0.556,0.480,0.381,0.296,3.92,0.453,0.184,0.363,0.356,0.637,0.547
07/20/2026,Baltimore Orioles,Boston Red Sox,Shane Baz,Payton Tolle,4.15,4.10,8.25,0.495,0.526,0.427,0.340,4.25,0.405,0.180,0.415,0.398,0.585,0.595
07/20/2026,Los Angeles Dodgers,Philadelphia Phillies,Emmet Sheehan,Cristopher Sánchez,4.35,4.19,8.55,0.485,0.552,0.454,0.365,4.46,0.417,0.170,0.414,0.427,0.586,0.583
07/20/2026,San Diego Padres,Atlanta Braves,JP Sears,Bryce Elder,4.17,4.62,8.79,0.539,0.576,0.477,0.388,4.86,0.439,0.160,0.401,0.478,0.599,0.561
07/20/2026,San Francisco Giants,Kansas City Royals,Trevor McDonald,Michael Wacha,4.48,4.55,9.03,0.506,0.594,0.495,0.405,4.55,0.427,0.167,0.405,0.440,0.595,0.573
07/20/2026,New York Mets,Milwaukee Brewers,Freddy Peralta,Jacob Misiorowski,3.43,5.14,8.57,0.662,0.552,0.455,0.367,4.49,0.547,0.163,0.290,0.432,0.710,0.453
07/20/2026,Detroit Tigers,Chicago Cubs,Jack Flaherty,Jameson Taillon,4.52,4.84,9.35,0.533,0.620,0.524,0.434,4.91,0.429,0.157,0.414,0.486,0.586,0.571
07/20/2026,Chicago White Sox,Texas Rangers,Erick Fedde,Jacob deGrom,4.24,4.30,8.55,0.509,0.550,0.452,0.364,4.43,0.438,0.169,0.393,0.424,0.607,0.562
07/20/2026,Washington Nationals,Colorado Rockies,Andrew Alvarez,Kyle Freeland,6.66,5.34,12.00,0.403,0.786,0.714,0.639,6.02,0.350,0.130,0.520,0.609,0.480,0.650
07/20/2026,Athletics,Arizona Diamondbacks,Jeffrey Springs,Mitch Bratt,4.19,5.66,9.86,0.624,0.658,0.568,0.478,5.37,0.527,0.144,0.330,0.538,0.670,0.473
07/20/2026,Cincinnati Reds,Seattle Mariners,Andrew Abbott,George Kirby,3.16,3.74,6.90,0.568,0.383,0.291,0.214,3.52,0.431,0.203,0.366,0.296,0.634,0.569
07/20/2026,St. Louis Cardinals,Los Angeles Angels,Kyle Leahy,José Soriano,4.21,4.05,8.26,0.484,0.525,0.425,0.336,4.17,0.405,0.180,0.415,0.388,0.585,0.595
07/21/2026,Minnesota Twins,Cleveland Guardians,Kendry Rojas,Parker Messick,3.78,3.90,7.68,0.515,0.468,0.370,0.284,3.98,0.413,0.186,0.401,0.363,0.599,0.587
07/21/2026,Los Angeles Dodgers,Philadelphia Phillies,Justin Wrobleski,Zack Wheeler,4.45,3.90,8.35,0.445,0.533,0.434,0.345,4.23,0.384,0.178,0.438,0.398,0.562,0.616
07/21/2026,Pittsburgh Pirates,New York Yankees,Bubba Chandler,Will Warren,5.58,4.73,10.32,0.431,0.690,0.602,0.517,5.55,0.371,0.140,0.488,0.559,0.512,0.629
07/21/2026,Tampa Bay Rays,Toronto Blue Jays,Drew Rasmussen,Kevin Gausman,4.17,4.05,8.22,0.491,0.521,0.425,0.336,4.21,0.397,0.178,0.424,0.398,0.576,0.603
07/21/2026,Baltimore Orioles,Boston Red Sox,Kyle Bradish,Eduardo Rivera,4.29,4.35,8.64,0.507,0.559,0.463,0.373,4.56,0.417,0.164,0.419,0.445,0.581,0.583
07/21/2026,San Diego Padres,Atlanta Braves,Walker Buehler,Reynaldo López,3.94,5.01,8.95,0.596,0.589,0.493,0.403,4.91,0.495,0.155,0.349,0.486,0.651,0.505
07/21/2026,San Francisco Giants,Kansas City Royals,Tyler Mahle,Luinder Avila,4.63,4.56,9.18,0.493,0.606,0.514,0.420,4.65,0.423,0.163,0.414,0.455,0.586,0.577
07/21/2026,New York Mets,Milwaukee Brewers,Zac Thornton,Brandon Sproat,3.92,4.46,8.38,0.553,0.536,0.437,0.347,4.46,0.432,0.172,0.397,0.427,0.603,0.568
07/21/2026,Detroit Tigers,Chicago Cubs,Framber Valdez,David Peterson,4.30,5.25,9.56,0.586,0.638,0.545,0.456,4.97,0.485,0.153,0.362,0.496,0.638,0.515
07/21/2026,Chicago White Sox,Texas Rangers,Noah Schultz,Kumar Rocker,4.80,4.57,9.37,0.474,0.623,0.527,0.435,5.03,0.418,0.155,0.427,0.508,0.573,0.582
07/21/2026,Miami Marlins,Houston Astros,Tyler Phillips,Tatsuya Imai,4.50,4.44,8.94,0.496,0.583,0.486,0.396,4.77,0.419,0.162,0.419,0.469,0.581,0.581
07/21/2026,Washington Nationals,Colorado Rockies,Carson Palmquist,Michael Lorenzen,6.59,5.48,12.07,0.417,0.790,0.721,0.647,6.24,0.363,0.128,0.509,0.630,0.491,0.637
07/21/2026,St. Louis Cardinals,Los Angeles Angels,Matthew Liberatore,Walbert Ureña,4.23,4.23,8.45,0.499,0.542,0.445,0.357,4.36,0.421,0.173,0.406,0.416,0.594,0.579
07/21/2026,Cincinnati Reds,Seattle Mariners,Chase Burns,Luis Castillo,3.31,4.01,7.32,0.577,0.432,0.336,0.254,3.73,0.422,0.197,0.381,0.330,0.619,0.578
07/22/2026,Pittsburgh Pirates,New York Yankees,Bubba Chandler,Max Fried,4.69,4.74,9.43,0.503,0.628,0.535,0.446,4.87,0.433,0.158,0.409,0.485,0.591,0.567
07/22/2026,San Francisco Giants,Kansas City Royals,Landen Roupp,Seth Lugo,4.57,4.37,8.94,0.482,0.587,0.492,0.403,4.50,0.410,0.172,0.418,0.432,0.582,0.590
07/22/2026,New York Mets,Milwaukee Brewers,Christian Scott,Logan Henderson,3.59,4.87,8.46,0.623,0.542,0.445,0.356,4.38,0.499,0.171,0.330,0.414,0.670,0.501
07/22/2026,Washington Nationals,Colorado Rockies,Cade Cavalli,Gabriel Hughes,6.05,5.67,11.72,0.469,0.770,0.697,0.619,5.67,0.399,0.138,0.462,0.572,0.538,0.601
07/22/2026,Athletics,Arizona Diamondbacks,Gage Jump,Merrill Kelly,4.48,4.93,9.40,0.539,0.623,0.530,0.441,4.93,0.418,0.159,0.423,0.490,0.577,0.582
07/22/2026,Cincinnati Reds,Seattle Mariners,Brady Singer,Emerson Hancock,3.16,4.31,7.47,0.622,0.442,0.346,0.263,3.86,0.483,0.191,0.326,0.346,0.674,0.516
07/22/2026,St. Louis Cardinals,Los Angeles Angels,Hunter Dobbins,Reid Detmers,4.15,4.08,8.23,0.495,0.520,0.421,0.335,4.18,0.413,0.179,0.408,0.389,0.592,0.587
07/22/2026,Minnesota Twins,Cleveland Guardians,Bailey Ober,Slade Cecconi,4.33,4.24,8.57,0.490,0.551,0.453,0.363,4.53,0.408,0.169,0.423,0.437,0.577,0.592
07/22/2026,Los Angeles Dodgers,Philadelphia Phillies,Eric Lauer,Aaron Nola,5.12,4.52,9.64,0.448,0.645,0.554,0.465,5.27,0.398,0.149,0.453,0.532,0.547,0.602
07/22/2026,Tampa Bay Rays,Toronto Blue Jays,Griffin Jax,Braydon Fisher,4.47,4.05,8.52,0.459,0.552,0.454,0.365,4.43,0.384,0.168,0.447,0.423,0.553,0.616
07/22/2026,San Diego Padres,Atlanta Braves,Michael King,Martín Pérez,4.15,4.69,8.85,0.549,0.576,0.479,0.390,4.81,0.437,0.159,0.403,0.478,0.597,0.563
07/22/2026,Chicago White Sox,Texas Rangers,Anthony Kay,Tyler Alexander,4.33,4.71,9.04,0.536,0.598,0.501,0.408,4.74,0.463,0.161,0.377,0.462,0.623,0.537
07/22/2026,Detroit Tigers,Chicago Cubs,Keider Montero,Colin Rea,4.42,4.96,9.38,0.549,0.623,0.531,0.441,4.83,0.449,0.158,0.393,0.473,0.607,0.551
07/22/2026,Miami Marlins,Houston Astros,Sandy Alcantara,Peter Lambert,4.14,4.29,8.43,0.515,0.541,0.443,0.353,4.33,0.438,0.171,0.391,0.407,0.609,0.562
07/23/2026,Tampa Bay Rays,Toronto Blue Jays,Casey Legumina,Shane Bieber,4.78,4.01,8.79,0.425,0.571,0.474,0.382,5.60,0.353,0.138,0.509,0.565,0.491,0.647
07/23/2026,Arizona Diamondbacks,St. Louis Cardinals,Brandon Pfaadt,Michael McGreevy,4.01,3.95,7.97,0.493,0.498,0.400,0.313,4.90,0.425,0.157,0.418,0.488,0.582,0.575
07/23/2026,Kansas City Royals,Detroit Tigers,Randy Dobnak,Troy Melton,3.75,4.68,8.43,0.588,0.540,0.441,0.354,5.04,0.485,0.155,0.360,0.503,0.640,0.515
07/24/2026,Colorado Rockies,Milwaukee Brewers,Tomoyuki Sugano,Shane Drohan,3.54,5.47,9.01,0.674,0.594,0.499,0.409,4.77,0.556,0.157,0.287,0.465,0.713,0.444
07/24/2026,Kansas City Royals,Detroit Tigers,Beck Way,Tarik Skubal,3.54,4.66,8.20,0.611,0.520,0.423,0.336,4.07,0.484,0.183,0.333,0.376,0.667,0.516
07/24/2026,Chicago Cubs,Pittsburgh Pirates,Matthew Boyd,Jared Jones,4.56,4.86,9.42,0.527,0.624,0.531,0.441,4.66,0.449,0.164,0.387,0.458,0.613,0.551
07/24/2026,Arizona Diamondbacks,Washington Nationals,Eduardo Rodriguez,Carson Palmquist,5.36,4.97,10.33,0.467,0.690,0.602,0.516,5.21,0.404,0.151,0.445,0.518,0.555,0.596
07/24/2026,New York Yankees,Philadelphia Phillies,Cam Schlittler,Jesús Luzardo,3.79,3.94,7.73,0.516,0.475,0.379,0.293,3.90,0.420,0.187,0.393,0.351,0.607,0.580
07/24/2026,Atlanta Braves,Baltimore Orioles,Grant Holmes,Trevor Rogers,4.25,4.41,8.66,0.517,0.561,0.465,0.375,4.64,0.444,0.165,0.392,0.452,0.608,0.556
07/24/2026,Los Angeles Dodgers,New York Mets,Roki Sasaki,Sean Manaea,4.75,4.11,8.86,0.441,0.582,0.485,0.397,4.88,0.389,0.155,0.455,0.487,0.545,0.611
07/24/2026,Cleveland Guardians,Tampa Bay Rays,Joey Cantillo,Shane McClanahan,3.43,3.82,7.25,0.544,0.422,0.325,0.245,3.70,0.442,0.196,0.362,0.322,0.638,0.558
07/24/2026,San Diego Padres,Miami Marlins,Germán Márquez,Ryan Gusto,3.91,4.38,8.29,0.550,0.528,0.431,0.343,4.50,0.465,0.167,0.368,0.434,0.632,0.535
07/24/2026,Toronto Blue Jays,Boston Red Sox,Trey Yesavage,Patrick Sandoval,3.40,4.32,7.72,0.599,0.472,0.377,0.292,4.10,0.476,0.179,0.344,0.381,0.656,0.524
07/24/2026,Houston Astros,Chicago White Sox,Spencer Arrighetti,Davis Martin,4.30,5.22,9.52,0.580,0.631,0.537,0.448,4.96,0.496,0.155,0.349,0.491,0.651,0.504
07/24/2026,Seattle Mariners,Texas Rangers,Bryce Miller,MacKenzie Gore,3.67,3.89,7.55,0.522,0.455,0.355,0.269,3.96,0.421,0.187,0.393,0.358,0.607,0.579
07/24/2026,Athletics,Minnesota Twins,Jacob Lopez,Zebby Matthews,4.43,4.63,9.07,0.514,0.597,0.503,0.413,4.79,0.423,0.159,0.418,0.474,0.582,0.577
07/24/2026,Cincinnati Reds,St. Louis Cardinals,Rhett Lowder,Dustin May,3.47,4.65,8.12,0.620,0.510,0.412,0.323,4.07,0.495,0.179,0.326,0.377,0.674,0.505
07/24/2026,Los Angeles Angels,San Francisco Giants,Grayson Rodriguez,Logan Webb,3.71,4.13,7.84,0.543,0.479,0.380,0.293,4.10,0.448,0.180,0.373,0.377,0.627,0.552
07/25/2026,Arizona Diamondbacks,Washington Nationals,Mitch Bratt,Foster Griffin,5.02,5.55,10.57,0.545,0.707,0.623,0.538,5.52,0.485,0.143,0.371,0.558,0.628,0.515
07/25/2026,Los Angeles Angels,San Francisco Giants,Ryan Johnson,Robbie Ray,3.94,4.38,8.32,0.544,0.531,0.433,0.345,4.45,0.459,0.168,0.373,0.430,0.627,0.541
07/25/2026,Toronto Blue Jays,Boston Red Sox,Dylan Cease,Sonny Gray,3.70,3.79,7.49,0.508,0.447,0.348,0.265,3.86,0.399,0.189,0.411,0.347,0.589,0.601
07/25/2026,San Diego Padres,Miami Marlins,Randy Vásquez,Eury Pérez,3.89,4.11,8.00,0.526,0.504,0.404,0.315,4.24,0.438,0.177,0.385,0.401,0.615,0.562
07/25/2026,Cleveland Guardians,Tampa Bay Rays,Tanner Bibee,Nick Martinez,3.83,4.64,8.46,0.580,0.542,0.445,0.357,4.50,0.488,0.168,0.345,0.433,0.655,0.512
07/25/2026,Chicago Cubs,Pittsburgh Pirates,Shota Imanaga,Paul Skenes,4.29,4.94,9.23,0.563,0.613,0.520,0.430,4.61,0.472,0.166,0.362,0.446,0.638,0.528
07/25/2026,Atlanta Braves,Baltimore Orioles,Bryce Elder,Brandon Young,4.61,4.59,9.20,0.499,0.611,0.517,0.425,4.98,0.440,0.159,0.401,0.494,0.599,0.560
07/25/2026,Houston Astros,Chicago White Sox,Hunter Brown,Sean Burke,4.25,5.23,9.48,0.586,0.631,0.540,0.450,4.97,0.498,0.152,0.350,0.496,0.650,0.502
07/25/2026,Colorado Rockies,Milwaukee Brewers,Ryan Feltner,Robert Gasser,4.00,5.46,9.46,0.633,0.629,0.537,0.448,5.22,0.510,0.147,0.343,0.517,0.657,0.490
07/25/2026,Los Angeles Dodgers,New York Mets,Yoshinobu Yamamoto,Nolan McLean,4.39,3.54,7.93,0.413,0.493,0.396,0.309,4.03,0.360,0.184,0.457,0.369,0.543,0.640
07/25/2026,Cincinnati Reds,St. Louis Cardinals,Hunter Greene,Andre Pallante,3.62,4.26,7.88,0.572,0.486,0.388,0.301,3.91,0.433,0.186,0.381,0.351,0.619,0.567
07/25/2026,Seattle Mariners,Texas Rangers,Bryan Woo,Nathan Eovaldi,4.12,3.88,8.00,0.475,0.499,0.401,0.313,4.22,0.389,0.177,0.434,0.396,0.566,0.611
07/26/2026,Arizona Diamondbacks,Washington Nationals,Kohl Drake,Miles Mikolas,4.84,5.26,10.10,0.538,0.676,0.588,0.500,5.30,0.450,0.150,0.401,0.534,0.599,0.550
07/26/2026,Chicago Cubs,Pittsburgh Pirates,Jameson Taillon,Braxton Ashcraft,4.97,5.73,10.70,0.560,0.715,0.632,0.548,5.66,0.484,0.139,0.377,0.574,0.623,0.516
07/26/2026,Toronto Blue Jays,Boston Red Sox,Kevin Gausman,Ranger Suarez,3.17,4.08,7.25,0.598,0.424,0.329,0.246,3.68,0.478,0.197,0.325,0.316,0.675,0.522
07/26/2026,Atlanta Braves,Baltimore Orioles,Reynaldo López,Shane Baz,4.33,4.43,8.76,0.507,0.572,0.473,0.383,4.63,0.451,0.165,0.383,0.450,0.617,0.549
07/26/2026,Kansas City Royals,Detroit Tigers,Luinder Avila,Framber Valdez,3.79,4.35,8.14,0.553,0.512,0.415,0.328,4.10,0.427,0.180,0.393,0.380,0.607,0.573
07/26/2026,Los Angeles Dodgers,New York Mets,Emmet Sheehan,Freddy Peralta,4.93,3.79,8.72,0.392,0.567,0.470,0.381,4.70,0.340,0.161,0.499,0.459,0.501,0.660
07/26/2026,San Diego Padres,Miami Marlins,Walker Buehler,Janson Junk,4.22,4.14,8.36,0.491,0.534,0.437,0.346,4.57,0.414,0.164,0.422,0.446,0.578,0.586
07/26/2026,Athletics,Minnesota Twins,Jeffrey Springs,Connor Prielipp,4.01,4.78,8.79,0.578,0.573,0.474,0.385,4.68,0.491,0.163,0.346,0.455,0.654,0.509
07/26/2026,Houston Astros,Chicago White Sox,Ronel Blanco,Erick Fedde,4.68,4.96,9.64,0.524,0.645,0.553,0.464,5.10,0.435,0.151,0.414,0.510,0.586,0.565
07/26/2026,Colorado Rockies,Milwaukee Brewers,Kyle Freeland,Jacob Misiorowski,3.66,4.77,8.43,0.606,0.537,0.440,0.351,4.33,0.505,0.171,0.324,0.413,0.676,0.495
07/26/2026,Cincinnati Reds,St. Louis Cardinals,Andrew Abbott,Kyle Leahy,3.51,4.53,8.05,0.600,0.504,0.408,0.321,4.04,0.472,0.181,0.347,0.372,0.653,0.528
07/26/2026,Seattle Mariners,Texas Rangers,Logan Gilbert,Jacob deGrom,3.67,3.78,7.45,0.512,0.446,0.350,0.265,3.78,0.421,0.193,0.386,0.333,0.614,0.579
07/26/2026,Los Angeles Angels,San Francisco Giants,José Soriano,Carson Whisenhunt,3.85,4.01,7.86,0.514,0.486,0.388,0.303,4.03,0.412,0.184,0.404,0.368,0.596,0.588
07/26/2026,New York Yankees,Philadelphia Phillies,Will Warren,Cristopher Sánchez,3.88,4.26,8.14,0.541,0.514,0.414,0.327,4.30,0.460,0.171,0.369,0.411,0.631,0.540
07/27/2026,Seattle Mariners,Texas Rangers,George Kirby,Kumar Rocker,4.07,3.81,7.88,0.475,0.490,0.391,0.302,4.12,0.385,0.182,0.433,0.380,0.567,0.615
07/27/2026,Baltimore Orioles,Detroit Tigers,Kyle Bradish,Keider Montero,4.03,4.05,8.08,0.503,0.506,0.409,0.322,4.14,0.420,0.177,0.403,0.387,0.597,0.580
07/27/2026,Arizona Diamondbacks,Pittsburgh Pirates,Merrill Kelly,Mitch Keller,4.35,5.60,9.95,0.607,0.666,0.576,0.490,5.41,0.512,0.142,0.346,0.541,0.654,0.488
07/27/2026,Philadelphia Phillies,Miami Marlins,Zack Wheeler,Tyler Phillips,3.98,3.59,7.57,0.461,0.457,0.358,0.274,3.94,0.361,0.185,0.454,0.354,0.546,0.639
07/27/2026,Toronto Blue Jays,Washington Nationals,Max Scherzer,Eddy Yean,4.00,5.91,9.91,0.661,0.660,0.572,0.485,5.38,0.575,0.143,0.282,0.539,0.718,0.425
07/27/2026,Cleveland Guardians,Cincinnati Reds,Slade Cecconi,Chase Burns,4.01,4.00,8.01,0.502,0.504,0.404,0.317,4.11,0.444,0.182,0.374,0.378,0.626,0.556
07/27/2026,Atlanta Braves,New York Mets,Martín Pérez,Zac Thornton,4.02,3.95,7.98,0.492,0.497,0.400,0.313,4.25,0.428,0.177,0.394,0.399,0.606,0.572
07/27/2026,New York Yankees,Chicago White Sox,Max Fried,Noah Schultz,4.44,4.31,8.76,0.490,0.570,0.473,0.385,4.60,0.389,0.162,0.448,0.449,0.552,0.611
07/27/2026,Houston Astros,Los Angeles Angels,Tatsuya Imai,Walbert Ureña,4.34,4.23,8.56,0.492,0.551,0.452,0.360,4.43,0.418,0.168,0.413,0.425,0.587,0.582
07/27/2026,Boston Red Sox,Athletics,Payton Tolle,Jack Perkins,4.45,4.00,8.45,0.457,0.546,0.448,0.362,4.38,0.372,0.173,0.455,0.417,0.545,0.628
07/27/2026,Milwaukee Brewers,San Francisco Giants,Brandon Sproat,Tyler Mahle,4.65,4.05,8.70,0.443,0.564,0.469,0.381,4.65,0.401,0.163,0.436,0.455,0.564,0.599
07/28/2026,Baltimore Orioles,Detroit Tigers,Dean Kremer,Troy Melton,4.19,4.46,8.65,0.526,0.560,0.463,0.373,4.62,0.459,0.166,0.375,0.450,0.625,0.541
07/28/2026,Arizona Diamondbacks,Pittsburgh Pirates,Brandon Pfaadt,Bubba Chandler,4.21,5.03,9.24,0.574,0.609,0.515,0.425,4.84,0.474,0.158,0.368,0.478,0.632,0.526
07/28/2026,Philadelphia Phillies,Miami Marlins,Aaron Nola,Sandy Alcantara,4.08,4.49,8.57,0.535,0.555,0.457,0.366,4.67,0.458,0.161,0.380,0.451,0.620,0.542
07/28/2026,Toronto Blue Jays,Washington Nationals,Shane Bieber,Cade Cavalli,3.58,5.43,9.01,0.672,0.592,0.497,0.408,4.63,0.569,0.157,0.274,0.447,0.726,0.431
07/28/2026,Kansas City Royals,Minnesota Twins,Seth Lugo,Taj Bradley,4.11,5.05,9.16,0.584,0.607,0.512,0.422,4.62,0.467,0.162,0.371,0.451,0.629,0.533
07/28/2026,New York Yankees,Chicago White Sox,Gerrit Cole,Anthony Kay,4.59,4.69,9.28,0.510,0.613,0.518,0.429,4.98,0.417,0.156,0.428,0.496,0.572,0.583
07/28/2026,Houston Astros,Los Angeles Angels,Peter Lambert,Reid Detmers,4.14,3.92,8.06,0.478,0.500,0.405,0.315,4.06,0.398,0.183,0.420,0.374,0.580,0.602
07/28/2026,Boston Red Sox,Athletics,Jake Bennett,Gage Jump,4.84,4.02,8.85,0.424,0.575,0.479,0.389,4.53,0.368,0.170,0.462,0.434,0.538,0.632
07/28/2026,Colorado Rockies,San Diego Padres,Michael Lorenzen,Michael King,3.82,4.55,8.37,0.572,0.532,0.437,0.348,4.45,0.472,0.169,0.359,0.424,0.641,0.528
07/28/2026,Milwaukee Brewers,San Francisco Giants,Logan Henderson,Landen Roupp,4.23,3.71,7.94,0.444,0.489,0.390,0.304,4.10,0.379,0.183,0.438,0.381,0.562,0.621
07/29/2026,Atlanta Braves,New York Mets,Chris Sale,Christian Scott,4.32,3.67,8.00,0.437,0.497,0.397,0.310,4.73,0.360,0.162,0.478,0.464,0.522,0.640
07/29/2026,Colorado Rockies,San Diego Padres,Gabriel Hughes,Kyle Hart,3.55,4.11,7.66,0.554,0.464,0.367,0.282,4.58,0.438,0.165,0.397,0.446,0.603,0.562
07/29/2026,Texas Rangers,Tampa Bay Rays,MacKenzie Gore,Casey Legumina,4.04,3.95,7.99,0.492,0.498,0.399,0.313,4.90,0.418,0.157,0.426,0.487,0.574,0.582
07/29/2026,Cleveland Guardians,Cincinnati Reds,Joey Cantillo,Brady Singer,4.11,4.21,8.32,0.511,0.533,0.436,0.346,5.13,0.441,0.153,0.406,0.515,0.594,0.559
07/29/2026,Kansas City Royals,Minnesota Twins,Randy Dobnak,Joe Ryan,3.98,5.13,9.11,0.607,0.598,0.504,0.416,5.42,0.492,0.143,0.365,0.547,0.635,0.508
07/29/2026,New York Yankees,Chicago White Sox,Cam Schlittler,Davis Martin,4.01,4.24,8.26,0.523,0.526,0.426,0.337,4.89,0.441,0.158,0.401,0.481,0.599,0.559
07/29/2026,Chicago Cubs,St. Louis Cardinals,Matthew Boyd,Dustin May,4.70,4.07,8.77,0.442,0.572,0.477,0.385,5.20,0.392,0.149,0.459,0.524,0.541,0.608
07/29/2026,Boston Red Sox,Athletics,Patrick Sandoval,Jacob Lopez,5.02,4.09,9.11,0.417,0.602,0.507,0.419,5.67,0.374,0.138,0.488,0.572,0.512,0.626
07/29/2026,Seattle Mariners,Los Angeles Dodgers,Emerson Hancock,Eric Lauer,3.96,4.66,8.62,0.568,0.561,0.463,0.373,5.54,0.459,0.143,0.398,0.558,0.602,0.541
07/30/2026,New York Yankees,Chicago White Sox,Ryan Weathers,Sean Burke,3.92,4.56,8.48,0.560,0.545,0.445,0.356,4.36,0.464,0.173,0.363,0.420,0.637,0.536
07/30/2026,Chicago Cubs,St. Louis Cardinals,Javier Assad,Andre Pallante,4.77,4.31,9.08,0.457,0.599,0.504,0.414,4.68,0.397,0.165,0.438,0.461,0.562,0.603
07/30/2026,Pittsburgh Pirates,Cincinnati Reds,Yohan Ramírez,Rhett Lowder,5.79,3.97,9.76,0.343,0.648,0.560,0.470,4.98,0.320,0.154,0.526,0.492,0.474,0.680
07/30/2026,Miami Marlins,New York Mets,Eury Pérez,Nolan McLean,3.83,3.92,7.75,0.507,0.474,0.379,0.296,4.00,0.423,0.187,0.391,0.367,0.609,0.577
07/30/2026,Washington Nationals,Atlanta Braves,Jake Irvin,Grant Holmes,5.01,5.20,10.21,0.516,0.683,0.596,0.508,5.32,0.417,0.147,0.436,0.538,0.564,0.583
07/30/2026,Boston Red Sox,Athletics,Sonny Gray,Mason Barnett,4.32,4.11,8.43,0.477,0.540,0.443,0.355,4.43,0.411,0.173,0.416,0.421,0.584,0.589
07/30/2026,Seattle Mariners,Los Angeles Dodgers,Bryan Woo,Roki Sasaki,3.97,4.56,8.54,0.556,0.552,0.454,0.365,4.53,0.449,0.168,0.383,0.438,0.617,0.551
07/31/2026,New York Yankees,Chicago Cubs,Will Warren,Shota Imanaga,4.10,5.12,9.22,0.594,0.610,0.514,0.425,4.85,0.500,0.159,0.341,0.478,0.659,0.500
07/31/2026,Pittsburgh Pirates,Cincinnati Reds,Paul Skenes,Hunter Greene,5.23,3.47,8.70,0.338,0.566,0.469,0.380,4.23,0.296,0.176,0.528,0.398,0.472,0.704
07/31/2026,St. Louis Cardinals,Toronto Blue Jays,Kyle Leahy,Dylan Cease,3.44,3.86,7.30,0.548,0.429,0.333,0.253,3.72,0.442,0.195,0.363,0.327,0.637,0.558
07/31/2026,Arizona Diamondbacks,Cleveland Guardians,Mitch Bratt,Tanner Bibee,4.04,3.76,7.80,0.471,0.482,0.383,0.295,4.25,0.403,0.180,0.417,0.399,0.583,0.597
07/31/2026,Chicago White Sox,Tampa Bay Rays,Erick Fedde,Nick Martinez,4.29,4.58,8.87,0.527,0.582,0.487,0.396,4.69,0.457,0.165,0.378,0.456,0.622,0.543
07/31/2026,Miami Marlins,New York Mets,Janson Junk,Freddy Peralta,4.18,4.09,8.27,0.489,0.531,0.432,0.342,4.48,0.409,0.169,0.422,0.432,0.578,0.591
07/31/2026,Washington Nationals,Atlanta Braves,Foster Griffin,Bryce Elder,5.22,4.47,9.68,0.442,0.645,0.552,0.463,5.15,0.348,0.150,0.501,0.512,0.499,0.652
07/31/2026,Texas Rangers,Houston Astros,Nathan Eovaldi,Hunter Brown,3.98,4.50,8.48,0.554,0.544,0.447,0.359,4.40,0.449,0.173,0.377,0.418,0.623,0.551
07/31/2026,Kansas City Royals,Colorado Rockies,Michael Wacha,Tomoyuki Sugano,5.33,5.61,10.94,0.518,0.731,0.647,0.564,5.70,0.419,0.138,0.443,0.581,0.557,0.581
07/31/2026,Milwaukee Brewers,Los Angeles Angels,Shane Drohan,Ryan Johnson,5.22,3.64,8.86,0.354,0.582,0.485,0.397,4.71,0.302,0.160,0.538,0.460,0.462,0.698
07/31/2026,San Francisco Giants,San Diego Padres,Carson Whisenhunt,Bradgley Rodriguez,3.79,4.20,8.00,0.542,0.497,0.401,0.314,4.18,0.448,0.177,0.375,0.388,0.625,0.552
07/31/2026,Boston Red Sox,Los Angeles Dodgers,Ranger Suarez,Edgardo Henriquez,3.50,4.02,7.52,0.558,0.449,0.353,0.270,3.81,0.432,0.192,0.377,0.339,0.623,0.568
07/31/2026,Minnesota Twins,Seattle Mariners,Zebby Matthews,Bryce Miller,4.03,4.04,8.07,0.501,0.504,0.407,0.322,4.34,0.406,0.174,0.419,0.415,0.581,0.594
08/01/2026,Minnesota Twins,Seattle Mariners,Connor Prielipp,Logan Gilbert,3.73,3.66,7.39,0.493,0.439,0.344,0.260,4.46,0.400,0.169,0.432,0.428,0.568,0.600
08/01/2026,Chicago White Sox,Tampa Bay Rays,Jordan Hicks,Drew Rasmussen,4.20,4.20,8.40,0.499,0.540,0.442,0.353,5.01,0.437,0.154,0.409,0.500,0.591,0.563
08/01/2026,Miami Marlins,New York Mets,Tyler Phillips,Zac Thornton,3.71,4.02,7.74,0.535,0.472,0.373,0.291,4.85,0.457,0.160,0.384,0.475,0.616,0.543
08/01/2026,Pittsburgh Pirates,Cincinnati Reds,Braxton Ashcraft,Andrew Abbott,5.13,4.01,9.14,0.398,0.600,0.508,0.420,5.53,0.362,0.139,0.499,0.559,0.501,0.638
08/01/2026,Philadelphia Phillies,Baltimore Orioles,Cristopher Sánchez,Shane Baz,3.80,3.95,7.75,0.515,0.471,0.374,0.288,4.58,0.427,0.168,0.405,0.443,0.595,0.573
08/01/2026,Texas Rangers,Houston Astros,Jacob deGrom,Ronel Blanco,4.16,4.35,8.51,0.524,0.551,0.453,0.364,5.18,0.410,0.149,0.440,0.519,0.560,0.590
08/01/2026,Arizona Diamondbacks,Cleveland Guardians,Kohl Drake,Parker Messick,4.35,3.54,7.89,0.417,0.489,0.392,0.304,4.95,0.374,0.156,0.470,0.494,0.530,0.626
08/01/2026,Washington Nationals,Atlanta Braves,Miles Mikolas,Reynaldo López,4.93,5.57,10.50,0.552,0.705,0.621,0.536,6.67,0.466,0.124,0.410,0.669,0.590,0.534
08/01/2026,New York Yankees,Chicago Cubs,Max Fried,David Peterson,4.13,4.95,9.08,0.577,0.596,0.504,0.412,5.49,0.481,0.142,0.378,0.554,0.622,0.519
08/01/2026,Kansas City Royals,Colorado Rockies,Luinder Avila,Ryan Feltner,5.22,5.57,10.79,0.529,0.723,0.639,0.556,6.67,0.422,0.123,0.455,0.668,0.545,0.578
08/01/2026,San Francisco Giants,San Diego Padres,Tyler Mahle,Walker Buehler,3.98,4.36,8.34,0.537,0.532,0.435,0.347,5.25,0.440,0.150,0.411,0.530,0.589,0.560
08/01/2026,Boston Red Sox,Los Angeles Dodgers,Payton Tolle,Yoshinobu Yamamoto,3.51,4.26,7.77,0.577,0.478,0.379,0.294,4.79,0.482,0.160,0.358,0.473,0.642,0.518
08/01/2026,Milwaukee Brewers,Los Angeles Angels,Robert Gasser,José Soriano,4.69,3.98,8.68,0.434,0.565,0.467,0.378,5.38,0.398,0.148,0.454,0.543,0.546,0.602
08/01/2026,Detroit Tigers,Athletics,Framber Valdez,Jack Perkins,5.14,4.24,9.38,0.423,0.623,0.527,0.439,5.76,0.380,0.139,0.480,0.580,0.520,0.620
08/02/2026,Philadelphia Phillies,Baltimore Orioles,Zack Wheeler,Kyle Bradish,3.92,4.09,8.01,0.518,0.507,0.408,0.321,4.09,0.417,0.179,0.404,0.377,0.596,0.583
08/02/2026,Washington Nationals,Atlanta Braves,Cade Cavalli,JR Ritchie,5.04,4.84,9.87,0.480,0.665,0.575,0.486,5.11,0.376,0.153,0.471,0.514,0.529,0.624
08/02/2026,St. Louis Cardinals,Toronto Blue Jays,Matthew Liberatore,Max Scherzer,4.23,3.64,7.87,0.441,0.488,0.389,0.304,4.32,0.357,0.171,0.472,0.412,0.528,0.643
08/02/2026,Arizona Diamondbacks,Cleveland Guardians,Merrill Kelly,Gavin Williams,3.91,3.99,7.89,0.511,0.493,0.394,0.307,4.22,0.434,0.177,0.389,0.394,0.611,0.566
08/02/2026,Pittsburgh Pirates,Cincinnati Reds,Mitch Keller,Chase Burns,5.41,3.97,9.38,0.372,0.625,0.530,0.442,4.67,0.355,0.165,0.480,0.458,0.520,0.645
08/02/2026,Chicago White Sox,Tampa Bay Rays,Anthony Kay,Griffin Jax,4.23,3.98,8.21,0.477,0.520,0.421,0.335,4.30,0.412,0.175,0.413,0.405,0.587,0.588
08/02/2026,Texas Rangers,Houston Astros,Kumar Rocker,Peter Lambert,3.75,4.73,8.47,0.597,0.549,0.449,0.362,4.36,0.490,0.169,0.340,0.414,0.660,0.510
08/02/2026,New York Yankees,Chicago Cubs,Gerrit Cole,Colin Rea,4.20,4.83,9.03,0.557,0.593,0.498,0.407,4.71,0.459,0.163,0.379,0.461,0.621,0.541
08/02/2026,Kansas City Royals,Colorado Rockies,Seth Lugo,Kyle Freeland,4.97,5.56,10.53,0.549,0.708,0.623,0.540,5.40,0.435,0.145,0.420,0.547,0.580,0.565
08/02/2026,Milwaukee Brewers,Los Angeles Angels,Jacob Misiorowski,Walbert Ureña,4.78,3.25,8.03,0.347,0.506,0.408,0.321,4.03,0.293,0.180,0.527,0.367,0.473,0.707
08/02/2026,Detroit Tigers,Athletics,Keider Montero,Gage Jump,4.71,4.22,8.93,0.456,0.586,0.487,0.398,4.52,0.389,0.169,0.442,0.438,0.558,0.611
08/02/2026,San Francisco Giants,San Diego Padres,Landen Roupp,Kyle Hart,3.57,4.20,7.76,0.568,0.476,0.380,0.292,3.98,0.441,0.186,0.373,0.361,0.627,0.559
08/02/2026,Minnesota Twins,Seattle Mariners,Taj Bradley,George Kirby,3.95,3.74,7.69,0.476,0.470,0.371,0.286,4.02,0.376,0.185,0.439,0.369,0.561,0.624
08/02/2026,Boston Red Sox,Los Angeles Dodgers,Jake Bennett,Emmet Sheehan,3.71,4.27,7.98,0.554,0.499,0.399,0.311,4.22,0.450,0.177,0.373,0.398,0.627,0.550
08/03/2026,Washington Nationals,Philadelphia Phillies,Andrew Alvarez,Aaron Nola,5.44,4.60,10.04,0.427,0.669,0.583,0.497,5.31,0.344,0.148,0.508,0.534,0.492,0.656
08/03/2026,St. Louis Cardinals,New York Yankees,Michael McGreevy,Cam Schlittler,3.35,4.28,7.63,0.603,0.469,0.369,0.283,3.88,0.487,0.188,0.326,0.346,0.674,0.513
08/03/2026,Pittsburgh Pirates,Milwaukee Brewers,Bubba Chandler,Brandon Sproat,5.05,4.87,9.91,0.487,0.664,0.574,0.486,5.34,0.385,0.149,0.466,0.535,0.534,0.615
08/03/2026,Toronto Blue Jays,Houston Astros,Shane Bieber,Cristian Javier,3.71,4.85,8.57,0.611,0.550,0.454,0.367,4.54,0.508,0.164,0.328,0.439,0.672,0.492
08/03/2026,Tampa Bay Rays,Colorado Rockies,Ian Seymour,Michael Lorenzen,5.32,5.17,10.49,0.494,0.705,0.623,0.536,5.46,0.406,0.145,0.449,0.548,0.551,0.594
08/03/2026,San Diego Padres,Arizona Diamondbacks,Michael King,Brandon Pfaadt,4.36,4.47,8.82,0.512,0.577,0.481,0.393,4.67,0.432,0.162,0.406,0.453,0.594,0.568
08/04/2026,New York Mets,Cleveland Guardians,Sean Manaea,Joey Cantillo,3.67,3.73,7.40,0.505,0.439,0.342,0.260,3.91,0.423,0.186,0.391,0.354,0.609,0.577
08/04/2026,Athletics,Cincinnati Reds,J.T. Ginn,Brady Singer,4.31,4.27,8.58,0.494,0.553,0.456,0.367,4.38,0.412,0.172,0.416,0.418,0.584,0.588
08/04/2026,Washington Nationals,Philadelphia Phillies,Carson Palmquist,Jesús Luzardo,4.78,4.78,9.56,0.500,0.634,0.541,0.454,4.87,0.418,0.159,0.423,0.484,0.577,0.582
08/04/2026,St. Louis Cardinals,New York Yankees,Hunter Dobbins,Ryan Weathers,3.98,4.21,8.19,0.526,0.514,0.417,0.329,4.21,0.419,0.179,0.402,0.396,0.598,0.581
08/04/2026,Chicago White Sox,Boston Red Sox,Davis Martin,Patrick Sandoval,4.51,4.10,8.61,0.461,0.554,0.456,0.366,4.52,0.365,0.166,0.469,0.438,0.531,0.635
08/04/2026,Miami Marlins,Atlanta Braves,Ryan Gusto,Grant Holmes,4.34,4.69,9.03,0.534,0.594,0.499,0.410,4.89,0.425,0.156,0.418,0.486,0.582,0.575
08/04/2026,Minnesota Twins,Kansas City Royals,Joe Ryan,Randy Dobnak,4.82,4.17,9.00,0.441,0.591,0.495,0.407,4.52,0.391,0.171,0.438,0.436,0.562,0.609
08/04/2026,Pittsburgh Pirates,Milwaukee Brewers,Jared Jones,Logan Henderson,4.48,4.70,9.18,0.519,0.607,0.512,0.425,4.71,0.430,0.162,0.408,0.464,0.592,0.570
08/04/2026,Los Angeles Dodgers,Chicago Cubs,Tarik Skubal,Javier Assad,4.89,4.55,9.44,0.466,0.630,0.535,0.445,4.79,0.388,0.162,0.450,0.469,0.550,0.612
08/04/2026,San Francisco Giants,Texas Rangers,Blade Tidwell,MacKenzie Gore,4.06,4.13,8.19,0.507,0.522,0.425,0.334,4.22,0.419,0.176,0.405,0.402,0.595,0.581
08/04/2026,Toronto Blue Jays,Houston Astros,Trey Yesavage,Hayden Wesneski,3.60,4.65,8.25,0.607,0.524,0.427,0.340,4.29,0.494,0.174,0.332,0.404,0.668,0.506
08/04/2026,Tampa Bay Rays,Colorado Rockies,Freddy Peralta,Gabriel Hughes,5.01,5.79,10.80,0.561,0.726,0.644,0.558,5.49,0.490,0.145,0.366,0.552,0.634,0.510
08/04/2026,San Diego Padres,Arizona Diamondbacks,Randy Vásquez,Eduardo Rodriguez,4.16,4.46,8.61,0.526,0.555,0.460,0.374,4.53,0.451,0.167,0.383,0.437,0.617,0.549
08/04/2026,Detroit Tigers,Seattle Mariners,Troy Melton,Emerson Hancock,4.10,3.71,7.81,0.461,0.483,0.384,0.298,4.08,0.375,0.181,0.444,0.376,0.556,0.625
08/05/2026,Toronto Blue Jays,Houston Astros,Jameson Taillon,Hunter Brown,3.63,5.21,8.84,0.647,0.572,0.476,0.387,4.84,0.556,0.152,0.292,0.478,0.708,0.444
08/05/2026,Los Angeles Dodgers,Chicago Cubs,Eric Lauer,Shota Imanaga,4.47,5.81,10.28,0.613,0.688,0.602,0.516,5.50,0.528,0.140,0.332,0.552,0.668,0.472
08/05/2026,Tampa Bay Rays,Colorado Rockies,Nick Martinez,Tomoyuki Sugano,5.82,5.73,11.55,0.493,0.765,0.689,0.609,6.11,0.422,0.131,0.447,0.617,0.553,0.578
08/05/2026,Los Angeles Angels,Baltimore Orioles,Reid Detmers,Trevor Rogers,3.46,4.23,7.69,0.578,0.470,0.372,0.286,3.86,0.457,0.190,0.353,0.345,0.647,0.543
08/05/2026,New York Mets,Cleveland Guardians,Christian Scott,Tanner Bibee,3.73,3.59,7.32,0.482,0.430,0.335,0.254,3.78,0.384,0.192,0.424,0.333,0.576,0.616
08/05/2026,Athletics,Cincinnati Reds,Jacob Lopez,Rhett Lowder,4.26,4.81,9.07,0.549,0.596,0.500,0.410,4.63,0.465,0.162,0.372,0.451,0.628,0.535
08/05/2026,Washington Nationals,Philadelphia Phillies,Jake Irvin,Andrew Painter,5.14,4.94,10.07,0.482,0.674,0.585,0.498,5.39,0.389,0.145,0.466,0.544,0.534,0.611
08/05/2026,St. Louis Cardinals,New York Yankees,Andre Pallante,Will Warren,3.93,4.05,7.98,0.518,0.499,0.403,0.316,4.11,0.410,0.178,0.412,0.383,0.588,0.590
08/05/2026,Chicago White Sox,Boston Red Sox,Sean Burke,Sonny Gray,4.45,4.14,8.59,0.468,0.555,0.457,0.366,4.43,0.376,0.172,0.453,0.422,0.547,0.624
08/05/2026,Miami Marlins,Atlanta Braves,Eury Pérez,Bryce Elder,4.27,4.63,8.90,0.537,0.583,0.485,0.396,4.74,0.430,0.162,0.408,0.467,0.592,0.570
08/05/2026,Minnesota Twins,Kansas City Royals,Dean Kremer,Noah Cameron,4.11,4.49,8.60,0.538,0.560,0.462,0.371,4.45,0.458,0.169,0.373,0.430,0.627,0.542
08/05/2026,Pittsburgh Pirates,Milwaukee Brewers,Paul Skenes,Kyle Harrison,3.97,4.51,8.48,0.552,0.546,0.451,0.362,4.29,0.436,0.176,0.388,0.406,0.612,0.564
08/05/2026,San Diego Padres,Arizona Diamondbacks,Casey Mize,Mitch Bratt,4.56,4.00,8.56,0.440,0.554,0.458,0.367,4.51,0.347,0.166,0.487,0.435,0.513,0.653
08/05/2026,Detroit Tigers,Seattle Mariners,Drew Anderson,Bryan Woo,4.07,3.65,7.72,0.455,0.467,0.372,0.287,3.98,0.373,0.185,0.442,0.360,0.558,0.627
08/07/2026,New York Mets,Pittsburgh Pirates,Zac Thornton,Carmen Mlodzinski,3.89,4.35,8.24,0.541,0.522,0.425,0.337,4.27,0.456,0.175,0.368,0.406,0.632,0.544
08/07/2026,Toronto Blue Jays,Philadelphia Phillies,José Soriano,Zack Wheeler,3.50,4.34,7.84,0.586,0.484,0.386,0.301,4.04,0.471,0.179,0.349,0.373,0.651,0.529
08/07/2026,Cincinnati Reds,Washington Nationals,Chase Petty,Cade Cavalli,3.86,5.49,9.35,0.645,0.619,0.526,0.438,4.74,0.530,0.156,0.314,0.467,0.686,0.470
08/07/2026,Atlanta Braves,New York Yankees,Tyler Mahle,Max Fried,4.08,4.12,8.20,0.504,0.515,0.418,0.330,4.22,0.438,0.177,0.385,0.395,0.615,0.562
08/07/2026,Athletics,Boston Red Sox,Jack Perkins,Payton Tolle,3.74,4.99,8.72,0.619,0.566,0.467,0.378,4.55,0.492,0.163,0.345,0.440,0.655,0.508
08/07/2026,Los Angeles Angels,Miami Marlins,George Klassen,Tyler Phillips,3.62,4.30,7.91,0.570,0.491,0.393,0.307,4.26,0.459,0.176,0.366,0.400,0.634,0.541
08/07/2026,Cleveland Guardians,Chicago White Sox,Parker Messick,Noah Schultz,3.77,4.26,8.03,0.548,0.504,0.407,0.320,4.14,0.428,0.182,0.390,0.386,0.610,0.572
08/07/2026,Minnesota Twins,Milwaukee Brewers,Zebby Matthews,Shane Drohan,3.47,5.08,8.55,0.655,0.551,0.453,0.364,4.46,0.533,0.165,0.302,0.429,0.698,0.467
08/07/2026,Colorado Rockies,St. Louis Cardinals,Ryan Feltner,Kyle Leahy,4.19,4.57,8.76,0.533,0.567,0.472,0.382,4.68,0.464,0.161,0.376,0.458,0.624,0.536
08/07/2026,Baltimore Orioles,Texas Rangers,Shane Baz,Nathan Eovaldi,4.44,3.84,8.28,0.437,0.527,0.429,0.340,4.29,0.358,0.172,0.470,0.405,0.530,0.642
08/07/2026,Los Angeles Dodgers,Arizona Diamondbacks,Roki Sasaki,Merrill Kelly,5.11,4.56,9.67,0.445,0.642,0.550,0.462,5.25,0.383,0.147,0.470,0.530,0.530,0.617
08/07/2026,Houston Astros,San Diego Padres,Ronel Blanco,Robbie Ray,3.82,4.57,8.39,0.572,0.538,0.442,0.352,4.49,0.474,0.168,0.359,0.430,0.641,0.526
08/07/2026,Tampa Bay Rays,Seattle Mariners,Drew Rasmussen,Logan Gilbert,3.72,3.35,7.07,0.460,0.403,0.309,0.229,3.55,0.357,0.203,0.439,0.302,0.561,0.643
08/07/2026,Detroit Tigers,San Francisco Giants,Keider Montero,JT Brubaker,4.57,3.96,8.53,0.443,0.551,0.453,0.364,4.40,0.375,0.170,0.455,0.422,0.545,0.625
08/08/2026,Atlanta Braves,New York Yankees,Chris Sale,Gerrit Cole,4.54,3.47,8.01,0.392,0.496,0.397,0.312,4.07,0.321,0.181,0.498,0.371,0.502,0.679,0.537
08/08/2026,Athletics,Boston Red Sox,Gage Jump,Jake Bennett,3.71,5.41,9.12,0.650,0.599,0.504,0.414,4.70,0.520,0.159,0.321,0.454,0.679,0.480,0.505
08/08/2026,Los Angeles Angels,Miami Marlins,Walbert Ureña,Sandy Alcantara,3.50,3.96,7.46,0.551,0.446,0.348,0.268,3.85,0.434,0.188,0.378,0.343,0.622,0.566,0.548
08/08/2026,Toronto Blue Jays,Philadelphia Phillies,Max Scherzer,Aaron Nola,4.02,4.75,8.77,0.570,0.571,0.473,0.386,4.85,0.468,0.159,0.373,0.481,0.627,0.532,0.492
08/08/2026,New York Mets,Pittsburgh Pirates,Robert Stock,Bubba Chandler,3.95,4.82,8.77,0.584,0.572,0.476,0.385,4.60,0.481,0.165,0.355,0.448,0.645,0.519,0.509
08/08/2026,Cincinnati Reds,Washington Nationals,Chase Burns,Andrew Alvarez,4.21,4.96,9.17,0.565,0.604,0.509,0.420,4.39,0.458,0.168,0.373,0.418,0.627,0.542,0.519
08/08/2026,Chicago Cubs,Kansas City Royals,Clay Holmes,Seth Lugo,5.18,3.83,9.01,0.376,0.590,0.495,0.406,4.44,0.327,0.167,0.506,0.425,0.494,0.673,0.517
08/08/2026,Minnesota Twins,Milwaukee Brewers,Taj Bradley,Robert Gasser,3.74,4.74,8.48,0.599,0.546,0.449,0.361,4.42,0.468,0.170,0.362,0.424,0.638,0.532,0.517
08/08/2026,Houston Astros,San Diego Padres,Peter Lambert,Michael King,4.21,4.08,8.29,0.488,0.528,0.432,0.344,4.30,0.386,0.171,0.443,0.410,0.557,0.614,0.523
08/08/2026,Detroit Tigers,San Francisco Giants,Jackson Jobe,Landen Roupp,4.46,4.11,8.58,0.466,0.552,0.455,0.367,4.48,0.412,0.168,0.420,0.438,0.580,0.588,0.513
08/08/2026,Colorado Rockies,St. Louis Cardinals,Kyle Freeland,Matthew Liberatore,4.01,4.23,8.24,0.522,0.527,0.429,0.340,4.30,0.429,0.174,0.397,0.411,0.603,0.571,0.523
08/08/2026,Baltimore Orioles,Texas Rangers,Kyle Bradish,Jacob deGrom,4.10,4.04,8.14,0.495,0.513,0.416,0.327,4.15,0.415,0.181,0.405,0.386,0.596,0.585,0.533
08/08/2026,Cleveland Guardians,Chicago White Sox,Gavin Williams,Anthony Kay,3.80,4.25,8.05,0.544,0.505,0.406,0.319,4.17,0.426,0.181,0.393,0.391,0.607,0.574,0.530
08/08/2026,Los Angeles Dodgers,Arizona Diamondbacks,Yoshinobu Yamamoto,Brandon Pfaadt,4.66,4.29,8.94,0.465,0.588,0.494,0.404,4.65,0.397,0.164,0.440,0.450,0.560,0.603,0.505
08/08/2026,Tampa Bay Rays,Seattle Mariners,Griffin Jax,George Kirby,3.85,3.60,7.46,0.473,0.445,0.349,0.265,3.84,0.373,0.190,0.437,0.342,0.563,0.627,0.549
08/09/2026,Athletics,Boston Red Sox,J.T. Ginn,Erik Miller,3.67,4.95,8.62,0.623,0.560,0.462,0.373,4.45,0.486,0.171,0.343,0.427,0.657,0.514,0.516
08/09/2026,New York Mets,Pittsburgh Pirates,Sean Manaea,Jared Jones,3.97,4.45,8.41,0.545,0.540,0.444,0.354,4.44,0.446,0.172,0.382,0.425,0.618,0.554,0.516
08/09/2026,Toronto Blue Jays,Philadelphia Phillies,Shane Bieber,Jesús Luzardo,3.14,4.57,7.70,0.649,0.472,0.375,0.290,4.06,0.521,0.180,0.299,0.373,0.701,0.479,0.538
08/09/2026,Atlanta Braves,New York Yankees,Grant Holmes,Cam Schlittler,4.17,4.27,8.44,0.507,0.543,0.445,0.355,4.39,0.447,0.172,0.381,0.419,0.619,0.553,0.518
08/09/2026,Los Angeles Angels,Miami Marlins,Grayson Rodriguez,Ryan Gusto,3.40,4.38,7.78,0.601,0.476,0.379,0.293,4.15,0.485,0.178,0.337,0.387,0.663,0.515,0.532
08/09/2026,Chicago Cubs,Kansas City Royals,Matthew Boyd,Randy Dobnak,5.09,3.98,9.08,0.399,0.600,0.507,0.417,4.53,0.358,0.168,0.474,0.436,0.526,0.642,0.512
08/09/2026,Cleveland Guardians,Chicago White Sox,Joey Cantillo,Davis Martin,3.98,4.60,8.58,0.561,0.555,0.457,0.370,4.52,0.461,0.168,0.371,0.434,0.629,0.539,0.512
08/09/2026,Minnesota Twins,Milwaukee Brewers,Connor Prielipp,Jacob Misiorowski,3.62,4.44,8.07,0.582,0.502,0.403,0.316,4.04,0.482,0.182,0.336,0.372,0.664,0.518,0.538
08/09/2026,Colorado Rockies,St. Louis Cardinals,Michael Lorenzen,Michael McGreevy,4.33,4.39,8.72,0.510,0.572,0.474,0.382,4.61,0.426,0.165,0.409,0.452,0.591,0.574,0.505
08/09/2026,Baltimore Orioles,Texas Rangers,Cade Povich,Kumar Rocker,4.10,4.39,8.49,0.529,0.542,0.447,0.360,4.47,0.443,0.169,0.389,0.430,0.611,0.557,0.513
08/09/2026,Detroit Tigers,San Francisco Giants,Troy Melton,Logan Webb,4.17,3.85,8.03,0.471,0.500,0.403,0.317,4.06,0.398,0.182,0.420,0.374,0.580,0.602,0.536
08/09/2026,Los Angeles Dodgers,Arizona Diamondbacks,Justin Wrobleski,Eduardo Rodriguez,4.45,5.27,9.72,0.570,0.649,0.559,0.469,5.11,0.495,0.152,0.354,0.511,0.646,0.505,0.488
08/09/2026,Tampa Bay Rays,Seattle Mariners,Ian Seymour,Emerson Hancock,3.78,3.28,7.06,0.445,0.404,0.305,0.225,3.64,0.351,0.196,0.453,0.314,0.547,0.649,0.562
08/10/2026,Boston Red Sox,Toronto Blue Jays,Sonny Gray,Jameson Taillon,4.87,3.60,8.47,0.375,0.544,0.447,0.356,4.68,0.309,0.156,0.534,0.459,0.466,0.691,0.501
08/10/2026,New York Mets,Atlanta Braves,Christian Scott,Bryce Elder,4.18,4.50,8.68,0.530,0.566,0.469,0.378,4.52,0.422,0.169,0.409,0.440,0.591,0.578,0.512
08/10/2026,Baltimore Orioles,Minnesota Twins,Trevor Rogers,Dean Kremer,4.55,3.88,8.43,0.432,0.544,0.444,0.356,4.41,0.350,0.170,0.479,0.423,0.521,0.650,0.518
08/10/2026,Philadelphia Phillies,St. Louis Cardinals,Andrew Painter,Hunter Dobbins,4.22,4.23,8.45,0.500,0.544,0.446,0.358,4.52,0.432,0.169,0.399,0.440,0.601,0.568,0.508
08/10/2026,Texas Rangers,Los Angeles Angels,MacKenzie Gore,Reid Detmers,4.06,3.68,7.74,0.462,0.472,0.375,0.291,3.96,0.381,0.184,0.435,0.359,0.565,0.619,0.542
08/10/2026,Colorado Rockies,Arizona Diamondbacks,Gabriel Hughes,Michael Soroka,4.12,4.38,8.50,0.525,0.547,0.453,0.364,4.22,0.422,0.179,0.400,0.396,0.600,0.578,0.527
08/10/2026,Tampa Bay Rays,Athletics,Freddy Peralta,Jacob Lopez,4.40,4.51,8.91,0.509,0.586,0.488,0.401,4.68,0.435,0.162,0.403,0.459,0.597,0.565,0.503
08/10/2026,Milwaukee Brewers,San Diego Padres,Logan Henderson,Casey Mize,3.93,3.93,7.85,0.498,0.488,0.390,0.303,4.07,0.419,0.183,0.398,0.378,0.602,0.581,0.537
08/10/2026,Houston Astros,San Francisco Giants,Hayden Wesneski,Blade Tidwell,4.15,3.82,7.97,0.468,0.495,0.397,0.309,4.05,0.383,0.182,0.435,0.373,0.565,0.617,0.540
08/10/2026,Kansas City Royals,Los Angeles Dodgers,Noah Cameron,Tarik Skubal,3.20,4.29,7.49,0.620,0.449,0.353,0.269,3.72,0.475,0.195,0.330,0.324,0.670,0.525,0.557
08/11/2026,Cleveland Guardians,Detroit Tigers,Tanner Bibee,Drew Anderson,3.64,4.94,8.58,0.624,0.555,0.457,0.368,4.52,0.510,0.165,0.326,0.436,0.674,0.490,0.515
08/11/2026,Pittsburgh Pirates,Miami Marlins,Paul Skenes,Eury Pérez,4.35,4.04,8.39,0.470,0.535,0.438,0.349,4.26,0.382,0.176,0.442,0.401,0.558,0.618,0.526
08/11/2026,Seattle Mariners,New York Yankees,Bryan Woo,Ryan Weathers,3.30,3.78,7.08,0.558,0.404,0.308,0.230,3.63,0.434,0.200,0.365,0.312,0.635,0.566,0.562
08/11/2026,Boston Red Sox,Toronto Blue Jays,Patrick Sandoval,Dylan Cease,3.53,3.32,6.85,0.479,0.381,0.288,0.211,3.56,0.405,0.203,0.392,0.298,0.608,0.595,0.566
08/11/2026,New York Mets,Atlanta Braves,Nolan McLean,Martín Pérez,4.24,4.67,8.91,0.539,0.583,0.486,0.395,4.69,0.443,0.163,0.394,0.460,0.606,0.557,0.504
08/11/2026,Baltimore Orioles,Minnesota Twins,Brandon Young,Bailey Ober,4.34,4.66,9.00,0.532,0.593,0.498,0.407,4.71,0.442,0.163,0.395,0.463,0.605,0.558,0.503
08/11/2026,Cincinnati Reds,Chicago White Sox,Nick Lodolo,Sean Burke,3.52,5.09,8.61,0.647,0.556,0.459,0.371,4.36,0.528,0.168,0.304,0.413,0.696,0.472,0.522
08/11/2026,Philadelphia Phillies,St. Louis Cardinals,Cristopher Sánchez,Andre Pallante,3.99,3.67,7.65,0.465,0.465,0.367,0.282,3.84,0.381,0.190,0.429,0.343,0.571,0.619,0.549
08/11/2026,Texas Rangers,Los Angeles Angels,Cody Bradford,Ryan Johnson,4.25,3.65,7.90,0.437,0.490,0.393,0.306,4.22,0.345,0.175,0.480,0.397,0.520,0.655,0.526
08/11/2026,Colorado Rockies,Arizona Diamondbacks,Tomoyuki Sugano,Mitch Bratt,4.17,5.05,9.22,0.577,0.610,0.517,0.426,4.96,0.483,0.153,0.364,0.493,0.636,0.517,0.491
08/11/2026,Tampa Bay Rays,Athletics,Nick Martinez,Mason Barnett,5.05,4.37,9.42,0.437,0.626,0.534,0.443,4.91,0.380,0.157,0.464,0.486,0.536,0.620,0.493
08/11/2026,Milwaukee Brewers,San Diego Padres,Kyle Harrison,Walker Buehler,4.16,3.59,7.74,0.439,0.471,0.374,0.288,4.08,0.353,0.181,0.466,0.374,0.534,0.647,0.536
08/11/2026,Houston Astros,San Francisco Giants,Hunter Brown,Carson Whisenhunt,4.23,3.88,8.11,0.464,0.514,0.417,0.330,4.25,0.376,0.180,0.444,0.400,0.556,0.624,0.525
08/11/2026,Kansas City Royals,Los Angeles Dodgers,Michael Wacha,Blake Snell,3.59,4.83,8.42,0.620,0.539,0.442,0.353,4.26,0.480,0.173,0.346,0.403,0.654,0.520,0.527
08/12/2026,Baltimore Orioles,Minnesota Twins,Shane Baz,Zebby Matthews,4.46,4.30,8.76,0.485,0.571,0.474,0.382,4.55,0.395,0.168,0.437,0.440,0.563,0.605,0.510
08/12/2026,Philadelphia Phillies,St. Louis Cardinals,Zack Wheeler,Kyle Leahy,3.95,3.90,7.85,0.494,0.489,0.391,0.306,4.02,0.415,0.184,0.401,0.363,0.599,0.585,0.539
08/12/2026,Tampa Bay Rays,Athletics,Drew Rasmussen,Jack Perkins,5.21,3.78,8.99,0.370,0.587,0.491,0.402,4.57,0.312,0.164,0.523,0.440,0.477,0.688,0.512
08/12/2026,Colorado Rockies,Arizona Diamondbacks,Ryan Feltner,Merrill Kelly,4.55,5.06,9.62,0.545,0.644,0.553,0.463,5.26,0.452,0.150,0.399,0.529,0.602,0.548,0.477
08/12/2026,Houston Astros,San Francisco Giants,Bryan King,Adrian Houser,4.27,3.69,7.96,0.440,0.498,0.401,0.314,4.17,0.376,0.175,0.449,0.389,0.551,0.624,0.530
08/12/2026,Milwaukee Brewers,San Diego Padres,Dustin May,Robbie Ray,3.82,3.94,7.76,0.513,0.476,0.377,0.290,4.11,0.410,0.180,0.410,0.382,0.590,0.590,0.533
08/12/2026,Cleveland Guardians,Detroit Tigers,Foster Griffin,Framber Valdez,3.47,4.76,8.23,0.629,0.521,0.424,0.334,4.37,0.514,0.169,0.317,0.418,0.683,0.486,0.521
08/12/2026,Pittsburgh Pirates,Miami Marlins,Carmen Mlodzinski,Janson Junk,4.42,4.16,8.58,0.473,0.555,0.460,0.371,4.49,0.394,0.168,0.438,0.437,0.562,0.606,0.514
08/12/2026,Chicago Cubs,Washington Nationals,David Peterson,Jackson Kent,6.07,5.24,11.32,0.431,0.751,0.673,0.592,5.82,0.383,0.135,0.482,0.592,0.518,0.617,0.455
08/12/2026,Seattle Mariners,New York Yankees,Bryce Miller,Will Warren,3.58,4.10,7.68,0.553,0.469,0.372,0.286,4.06,0.455,0.183,0.362,0.373,0.638,0.545,0.536
08/12/2026,Boston Red Sox,Toronto Blue Jays,Ranger Suarez,José Soriano,4.07,3.13,7.20,0.397,0.413,0.319,0.239,3.71,0.335,0.197,0.468,0.321,0.532,0.665,0.559
08/12/2026,New York Mets,Atlanta Braves,Zac Thornton,Tyler Mahle,3.98,4.57,8.55,0.559,0.555,0.459,0.369,4.50,0.456,0.168,0.376,0.435,0.624,0.544,0.513
08/12/2026,Cincinnati Reds,Chicago White Sox,Rhett Lowder,Luis Castillo,4.00,5.00,9.00,0.591,0.597,0.501,0.410,4.71,0.465,0.161,0.374,0.463,0.626,0.535,0.503
08/12/2026,Kansas City Royals,Los Angeles Dodgers,Daniel Lynch IV,Eric Lauer,3.99,4.81,8.80,0.575,0.576,0.480,0.389,4.59,0.430,0.166,0.405,0.449,0.595,0.570,0.517
08/12/2026,Texas Rangers,Los Angeles Angels,Cal Quantrill,George Klassen,3.98,3.65,7.63,0.469,0.465,0.366,0.281,4.03,0.371,0.184,0.445,0.368,0.555,0.629,0.536
08/13/2026,Cleveland Guardians,Detroit Tigers,Parker Messick,Keider Montero,3.80,4.24,8.04,0.544,0.504,0.409,0.321,4.17,0.433,0.179,0.388,0.385,0.612,0.567,0.530
08/13/2026,Cincinnati Reds,Chicago White Sox,Andrew Abbott,Davis Martin,3.72,5.09,8.80,0.631,0.574,0.477,0.388,4.57,0.499,0.163,0.338,0.442,0.662,0.501,0.510
08/13/2026,Pittsburgh Pirates,Miami Marlins,Braxton Ashcraft,Tyler Phillips,4.50,4.25,8.75,0.476,0.570,0.473,0.383,4.64,0.386,0.164,0.450,0.454,0.550,0.614,0.505
08/13/2026,Seattle Mariners,New York Yankees,Logan Gilbert,Max Fried,3.08,4.12,7.20,0.612,0.415,0.320,0.240,3.67,0.499,0.195,0.306,0.316,0.694,0.501,0.561
08/13/2026,Boston Red Sox,Toronto Blue Jays,Payton Tolle,Max Scherzer,4.48,3.23,7.71,0.365,0.469,0.372,0.290,4.17,0.309,0.173,0.517,0.390,0.483,0.691,0.531
08/13/2026,Chicago Cubs,Washington Nationals,Kevin Gausman,Cade Cavalli,5.46,4.83,10.29,0.444,0.693,0.604,0.517,5.17,0.384,0.150,0.466,0.518,0.534,0.616,0.481
08/13/2026,Philadelphia Phillies,Minnesota Twins,Aaron Nola,Taj Bradley,4.00,4.85,8.85,0.578,0.576,0.481,0.392,4.68,0.499,0.162,0.339,0.460,0.661,0.501,0.505
08/13/2026,Texas Rangers,Los Angeles Angels,Jacob deGrom,Walbert Ureña,3.72,3.49,7.21,0.476,0.416,0.322,0.242,3.65,0.376,0.196,0.428,0.319,0.572,0.624,0.562
08/13/2026,Milwaukee Brewers,Los Angeles Dodgers,Shane Drohan,Roki Sasaki,4.41,4.23,8.63,0.483,0.561,0.462,0.374,4.58,0.402,0.167,0.431,0.446,0.569,0.598,0.509
08/14/2026,St. Louis Cardinals,Chicago Cubs,Matthew Liberatore,Clay Holmes,3.99,5.79,9.78,0.657,0.653,0.564,0.474,5.02,0.547,0.151,0.302,0.495,0.698,0.453,0.492
08/14/2026,Miami Marlins,Cincinnati Reds,Sandy Alcantara,Chase Burns,4.34,3.79,8.13,0.445,0.513,0.415,0.325,4.04,0.388,0.184,0.428,0.375,0.572,0.612,0.537
08/14/2026,Boston Red Sox,Pittsburgh Pirates,Jake Bennett,Bubba Chandler,4.14,4.01,8.15,0.483,0.513,0.413,0.328,4.24,0.409,0.178,0.413,0.398,0.587,0.591,0.526
08/14/2026,Chicago White Sox,Detroit Tigers,Sean Newcomb,Jackson Jobe,4.23,4.45,8.69,0.517,0.562,0.466,0.377,4.42,0.429,0.172,0.399,0.426,0.601,0.571,0.520
08/14/2026,Washington Nationals,New York Mets,Andrew Alvarez,Robert Stock,4.85,4.34,9.20,0.453,0.608,0.513,0.424,4.66,0.357,0.165,0.478,0.454,0.522,0.643,0.505
08/14/2026,San Diego Padres,Cleveland Guardians,Michael King,Gavin Williams,3.97,3.79,7.76,0.483,0.476,0.378,0.293,4.07,0.413,0.181,0.406,0.375,0.594,0.587,0.536
08/14/2026,Arizona Diamondbacks,Atlanta Braves,Brandon Pfaadt,Chris Sale,4.02,4.50,8.52,0.544,0.550,0.454,0.363,4.29,0.465,0.173,0.362,0.406,0.638,0.535,0.524
08/14/2026,New York Yankees,Toronto Blue Jays,Gerrit Cole,Shane Bieber,4.07,3.54,7.62,0.444,0.461,0.362,0.279,4.04,0.351,0.181,0.468,0.369,0.532,0.649,0.535
08/14/2026,Seattle Mariners,Houston Astros,George Kirby,Peter Lambert,3.52,4.51,8.03,0.600,0.502,0.403,0.317,4.21,0.494,0.178,0.328,0.396,0.672,0.506,0.530
08/14/2026,Kansas City Royals,Los Angeles Angels,Seth Lugo,Grayson Rodriguez,3.93,3.96,7.89,0.504,0.489,0.389,0.303,4.04,0.392,0.184,0.424,0.371,0.576,0.608,0.537
08/14/2026,Milwaukee Brewers,Los Angeles Dodgers,Robert Gasser,Yoshinobu Yamamoto,4.13,4.27,8.41,0.517,0.543,0.443,0.356,4.44,0.436,0.170,0.394,0.425,0.606,0.564,0.516
08/14/2026,Colorado Rockies,San Francisco Giants,Kyle Freeland,Landen Roupp,3.96,3.68,7.65,0.474,0.465,0.366,0.281,3.95,0.390,0.188,0.423,0.358,0.577,0.611,0.543
08/15/2026,Chicago White Sox,Detroit Tigers,Anthony Kay,Troy Melton,4.19,4.68,8.87,0.548,0.581,0.486,0.395,4.61,0.458,0.167,0.375,0.445,0.625,0.542,0.508
08/15/2026,St. Louis Cardinals,Chicago Cubs,Michael McGreevy,Matthew Boyd,3.98,5.23,9.22,0.612,0.609,0.517,0.431,4.78,0.505,0.155,0.340,0.472,0.660,0.495,0.501
08/15/2026,New York Yankees,Toronto Blue Jays,Cam Schlittler,Braydon Fisher,3.85,3.45,7.30,0.456,0.430,0.334,0.249,3.75,0.356,0.194,0.450,0.330,0.550,0.644,0.553
08/15/2026,Colorado Rockies,San Francisco Giants,Michael Lorenzen,Logan Webb,3.66,4.19,7.85,0.557,0.484,0.387,0.301,4.08,0.465,0.180,0.355,0.379,0.645,0.535,0.533
08/15/2026,Washington Nationals,New York Mets,Brad Lord,Sean Manaea,4.91,4.56,9.47,0.468,0.628,0.537,0.448,4.88,0.388,0.158,0.454,0.484,0.546,0.612,0.498
08/15/2026,Baltimore Orioles,Tampa Bay Rays,Kyle Bradish,Ian Seymour,3.99,4.49,8.48,0.552,0.548,0.451,0.361,4.32,0.457,0.175,0.368,0.409,0.632,0.543,0.523
08/15/2026,Miami Marlins,Cincinnati Reds,Ryan Gusto,Brady Singer,4.67,3.95,8.63,0.431,0.560,0.464,0.374,4.51,0.376,0.167,0.457,0.432,0.543,0.624,0.513
08/15/2026,Seattle Mariners,Houston Astros,Emerson Hancock,Hayden Wesneski,3.68,4.45,8.13,0.580,0.511,0.415,0.326,4.25,0.469,0.174,0.357,0.405,0.643,0.531,0.527
08/15/2026,Philadelphia Phillies,Minnesota Twins,Jesús Luzardo,Connor Prielipp,4.08,3.69,7.77,0.464,0.474,0.377,0.292,3.98,0.379,0.187,0.435,0.361,0.565,0.621,0.541
08/15/2026,Boston Red Sox,Pittsburgh Pirates,Sonny Gray,Jared Jones,4.34,4.54,8.87,0.518,0.578,0.482,0.393,4.70,0.426,0.164,0.411,0.458,0.589,0.574,0.502
08/15/2026,Arizona Diamondbacks,Atlanta Braves,Eduardo Rodriguez,Grant Holmes,4.24,4.27,8.51,0.503,0.554,0.455,0.364,4.47,0.395,0.172,0.433,0.425,0.567,0.605,0.518
08/15/2026,Milwaukee Brewers,Los Angeles Dodgers,Jacob Misiorowski,Justin Wrobleski,4.19,3.88,8.07,0.465,0.509,0.409,0.321,4.27,0.362,0.177,0.461,0.408,0.539,0.638,0.524
08/15/2026,Kansas City Royals,Los Angeles Angels,Randy Dobnak,Reid Detmers,3.78,3.89,7.66,0.513,0.467,0.370,0.284,3.82,0.396,0.194,0.411,0.335,0.589,0.605,0.550
08/15/2026,Texas Rangers,Athletics,MacKenzie Gore,J.T. Ginn,3.98,4.15,8.13,0.519,0.509,0.411,0.324,4.13,0.423,0.182,0.395,0.382,0.605,0.577,0.532
08/16/2026,Boston Red Sox,Pittsburgh Pirates,Patrick Sandoval,Lake Bachar,4.33,4.17,8.50,0.488,0.549,0.451,0.362,4.57,0.411,0.164,0.425,0.447,0.575,0.589,0.507
08/16/2026,Arizona Diamondbacks,Atlanta Braves,Michael Soroka,Bryce Elder,4.35,4.22,8.56,0.486,0.549,0.455,0.367,4.47,0.388,0.168,0.444,0.433,0.556,0.612,0.517
08/16/2026,New York Yankees,Toronto Blue Jays,Ryan Weathers,Dylan Cease,3.37,3.31,6.68,0.491,0.359,0.268,0.194,3.40,0.406,0.210,0.384,0.280,0.616,0.594,0.576
08/16/2026,Washington Nationals,New York Mets,Jake Irvin,Christian Scott,4.41,4.74,9.15,0.534,0.603,0.509,0.419,4.68,0.448,0.165,0.387,0.460,0.613,0.552,0.504
08/16/2026,San Diego Padres,Cleveland Guardians,Casey Mize,Tanner Bibee,4.41,3.58,7.99,0.417,0.499,0.401,0.314,4.21,0.349,0.176,0.475,0.394,0.525,0.651,0.529
08/16/2026,Chicago White Sox,Detroit Tigers,Sean Burke,Drew Anderson,4.39,4.47,8.86,0.507,0.580,0.485,0.396,4.53,0.413,0.169,0.419,0.441,0.581,0.587,0.512
08/16/2026,Miami Marlins,Cincinnati Reds,Eury Pérez,Nick Lodolo,4.69,3.72,8.41,0.407,0.537,0.441,0.351,4.38,0.346,0.168,0.486,0.421,0.514,0.654,0.520
08/16/2026,Philadelphia Phillies,Minnesota Twins,Andrew Painter,Dean Kremer,4.44,4.50,8.95,0.503,0.587,0.490,0.401,4.79,0.433,0.160,0.407,0.471,0.593,0.567,0.498
08/16/2026,St. Louis Cardinals,Chicago Cubs,Hunter Dobbins,Edward Cabrera,4.28,5.21,9.48,0.581,0.632,0.539,0.449,4.98,0.474,0.156,0.370,0.495,0.630,0.526,0.490
08/16/2026,Colorado Rockies,San Francisco Giants,Gabriel Hughes,Blade Tidwell,3.79,3.97,7.76,0.513,0.478,0.382,0.296,3.92,0.423,0.183,0.394,0.358,0.606,0.577,0.547
08/16/2026,Texas Rangers,Athletics,Cody Bradford,Jacob Lopez,4.39,4.13,8.52,0.477,0.549,0.453,0.362,4.38,0.393,0.174,0.433,0.418,0.567,0.607,0.519
08/16/2026,Kansas City Royals,Los Angeles Angels,Noah Cameron,Ryan Johnson,4.18,3.69,7.87,0.449,0.488,0.390,0.305,4.15,0.340,0.178,0.482,0.389,0.518,0.660,0.530
08/16/2026,Milwaukee Brewers,Los Angeles Dodgers,Logan Henderson,Tarik Skubal,3.61,4.26,7.87,0.567,0.484,0.384,0.297,4.07,0.466,0.184,0.350,0.375,0.650,0.534,0.536
08/16/2026,Seattle Mariners,Houston Astros,Bryan Woo,Hunter Brown,3.87,4.24,8.11,0.535,0.508,0.412,0.324,4.18,0.429,0.176,0.395,0.386,0.605,0.571,0.529
08/17/2026,St. Louis Cardinals,Cincinnati Reds,Quinn Mathews,Kent Emanuel,4.86,4.19,9.05,0.435,0.595,0.499,0.410,4.67,0.370,0.164,0.466,0.460,0.534,0.630,0.505
08/17/2026,Baltimore Orioles,Tampa Bay Rays,Brandon Young,Shane McClanahan,4.26,4.53,8.78,0.526,0.573,0.476,0.388,4.55,0.447,0.167,0.386,0.440,0.614,0.553,0.511
08/17/2026,Miami Marlins,Philadelphia Phillies,Janson Junk,Cristopher Sánchez,3.63,4.62,8.25,0.598,0.524,0.426,0.338,4.25,0.500,0.176,0.324,0.402,0.676,0.500,0.527
08/17/2026,Detroit Tigers,Pittsburgh Pirates,Framber Valdez,Carmen Mlodzinski,4.59,4.39,8.98,0.479,0.593,0.496,0.405,4.67,0.410,0.163,0.427,0.458,0.573,0.590,0.505
08/17/2026,Arizona Diamondbacks,Boston Red Sox,Mitch Bratt,Alec Gamboa,4.67,4.99,9.67,0.524,0.644,0.552,0.465,5.13,0.443,0.151,0.406,0.513,0.594,0.557,0.482
08/17/2026,San Diego Padres,New York Mets,Walker Buehler,Nolan McLean,4.25,4.01,8.26,0.477,0.521,0.422,0.336,4.40,0.409,0.169,0.422,0.425,0.578,0.591,0.518
08/17/2026,Athletics,Kansas City Royals,Mason Barnett,Michael Wacha,4.05,4.59,8.64,0.553,0.558,0.464,0.373,4.50,0.480,0.166,0.354,0.433,0.646,0.520,0.512
08/17/2026,Atlanta Braves,Minnesota Twins,Martín Pérez,Bailey Ober,4.69,4.04,8.72,0.438,0.566,0.469,0.378,4.60,0.369,0.166,0.465,0.450,0.535,0.631,0.508
08/17/2026,Chicago White Sox,Chicago Cubs,Luis Castillo,Shota Imanaga,4.86,5.15,10.02,0.525,0.670,0.579,0.492,5.27,0.444,0.148,0.409,0.527,0.591,0.556,0.477
08/17/2026,Los Angeles Dodgers,Colorado Rockies,Blake Snell,Tomoyuki Sugano,5.88,4.69,10.57,0.401,0.709,0.626,0.541,5.53,0.346,0.142,0.512,0.561,0.488,0.654,0.469
08/18/2026,New York Yankees,Baltimore Orioles,Carlos Rodón,Shane Baz,3.48,4.28,7.76,0.578,0.481,0.381,0.293,3.98,0.470,0.184,0.346,0.362,0.654,0.530,0.541
08/18/2026,Detroit Tigers,Pittsburgh Pirates,Keider Montero,Braxton Ashcraft,4.58,4.85,9.42,0.521,0.624,0.530,0.442,4.89,0.439,0.160,0.402,0.485,0.598,0.561,0.494
08/18/2026,San Francisco Giants,Cleveland Guardians,Carson Whisenhunt,Foster Griffin,3.80,3.92,7.72,0.515,0.476,0.379,0.295,4.15,0.410,0.178,0.412,0.387,0.588,0.590,0.530
08/18/2026,St. Louis Cardinals,Cincinnati Reds,Kyle Leahy,Andrew Abbott,4.68,3.65,8.33,0.394,0.532,0.436,0.347,4.19,0.334,0.175,0.490,0.391,0.510,0.666,0.530
08/18/2026,Toronto Blue Jays,Tampa Bay Rays,José Soriano,Nick Martinez,3.67,4.45,8.11,0.583,0.513,0.415,0.327,4.23,0.463,0.176,0.360,0.397,0.640,0.537,0.528
08/18/2026,Miami Marlins,Philadelphia Phillies,Cade Gibson,Zack Wheeler,4.08,4.47,8.54,0.543,0.556,0.459,0.371,4.45,0.449,0.168,0.383,0.430,0.617,0.551,0.516
08/18/2026,Arizona Diamondbacks,Boston Red Sox,Merrill Kelly,Ranger Suarez,4.47,5.13,9.61,0.556,0.641,0.549,0.460,5.21,0.488,0.151,0.361,0.520,0.639,0.512,0.481
08/18/2026,San Diego Padres,New York Mets,Robbie Ray,Zac Thornton,4.09,4.11,8.20,0.503,0.520,0.422,0.334,4.44,0.433,0.170,0.397,0.427,0.603,0.567,0.516
08/18/2026,Atlanta Braves,Minnesota Twins,Tyler Mahle,Zebby Matthews,4.58,4.28,8.87,0.475,0.586,0.489,0.400,4.67,0.394,0.162,0.445,0.457,0.555,0.606,0.504
08/18/2026,Seattle Mariners,Milwaukee Brewers,Bryce Miller,Kyle Harrison,3.29,4.51,7.80,0.623,0.479,0.384,0.298,4.15,0.496,0.179,0.325,0.385,0.675,0.504,0.533
08/18/2026,Washington Nationals,Texas Rangers,Jackson Kent,Cal Quantrill,4.89,4.32,9.21,0.448,0.608,0.513,0.422,4.71,0.370,0.164,0.466,0.459,0.534,0.630,0.506
08/18/2026,Los Angeles Angels,Houston Astros,George Klassen,Cristian Javier,3.67,4.83,8.50,0.610,0.550,0.452,0.362,4.54,0.498,0.163,0.339,0.439,0.661,0.502,0.510
08/18/2026,Los Angeles Dodgers,Colorado Rockies,Eric Lauer,Ryan Feltner,6.06,5.33,11.39,0.443,0.755,0.679,0.599,6.24,0.401,0.132,0.467,0.627,0.533,0.599,0.439
08/19/2026,San Diego Padres,New York Mets,Michael King,Robert Stock,4.24,4.02,8.27,0.480,0.526,0.428,0.341,4.43,0.405,0.173,0.421,0.426,0.579,0.595,0.515
08/19/2026,Atlanta Braves,Minnesota Twins,AJ Smith-Shawver,Taj Bradley,4.36,4.29,8.65,0.497,0.562,0.466,0.379,4.51,0.411,0.168,0.420,0.435,0.580,0.589,0.512
08/19/2026,Chicago White Sox,Chicago Cubs,Sean Newcomb,Clay Holmes,4.45,5.35,9.80,0.579,0.655,0.566,0.477,4.90,0.482,0.156,0.362,0.487,0.638,0.518,0.498
08/19/2026,Arizona Diamondbacks,Boston Red Sox,Brandon Pfaadt,Payton Tolle,4.40,4.49,8.89,0.508,0.583,0.487,0.399,4.60,0.423,0.166,0.411,0.444,0.589,0.577,0.508
08/19/2026,Miami Marlins,Philadelphia Phillies,Sandy Alcantara,Aaron Nola,4.52,4.45,8.98,0.494,0.591,0.497,0.406,4.80,0.398,0.159,0.443,0.473,0.557,0.602,0.498
08/19/2026,New York Yankees,Baltimore Orioles,Will Warren,Chris Bassitt,3.81,4.40,8.21,0.561,0.520,0.423,0.335,4.42,0.452,0.172,0.376,0.423,0.624,0.548,0.517
08/19/2026,San Francisco Giants,Cleveland Guardians,Matt Wilkinson,Parker Messick,3.42,4.16,7.58,0.580,0.457,0.359,0.272,3.98,0.470,0.183,0.347,0.363,0.653,0.530,0.541
08/19/2026,St. Louis Cardinals,Cincinnati Reds,Matthew Liberatore,Chase Burns,4.02,4.13,8.16,0.512,0.515,0.417,0.330,4.08,0.436,0.181,0.383,0.375,0.617,0.564,0.535
08/19/2026,Toronto Blue Jays,Tampa Bay Rays,Max Scherzer,Drew Rasmussen,3.39,4.81,8.19,0.643,0.515,0.420,0.337,4.27,0.549,0.169,0.282,0.403,0.718,0.451,0.528
08/19/2026,Seattle Mariners,Milwaukee Brewers,Logan Gilbert,Dustin May,3.47,4.78,8.25,0.630,0.522,0.424,0.336,4.31,0.500,0.171,0.329,0.410,0.671,0.500,0.524
08/19/2026,Washington Nationals,Texas Rangers,Cade Cavalli,Kumar Rocker,4.90,3.95,8.85,0.409,0.577,0.479,0.390,4.59,0.341,0.168,0.492,0.440,0.508,0.659,0.509
08/19/2026,Los Angeles Angels,Houston Astros,Walbert Ureña,Ethan Pecko,3.69,4.43,8.12,0.578,0.513,0.416,0.327,4.22,0.444,0.179,0.377,0.389,0.623,0.556,0.527
08/19/2026,Los Angeles Dodgers,Colorado Rockies,Roki Sasaki,Kyle Freeland,5.47,5.55,11.01,0.508,0.735,0.655,0.574,5.84,0.449,0.136,0.414,0.594,0.586,0.551,0.454
08/20/2026,San Francisco Giants,Cleveland Guardians,Landen Roupp,Gavin Williams,3.78,3.89,7.67,0.513,0.464,0.370,0.288,3.98,0.413,0.186,0.401,0.361,0.599,0.587,0.541
08/20/2026,Toronto Blue Jays,Tampa Bay Rays,Shane Bieber,Ian Seymour,3.30,4.87,8.17,0.652,0.512,0.413,0.326,4.33,0.539,0.170,0.291,0.408,0.709,0.461,0.525
08/20/2026,Athletics,Kansas City Royals,Gage Jump,Randy Dobnak,4.10,4.22,8.31,0.511,0.534,0.435,0.346,4.06,0.426,0.184,0.390,0.370,0.610,0.574,0.536
08/20/2026,Atlanta Braves,Chicago White Sox,Grant Holmes,Anthony Kay,4.46,4.90,9.36,0.538,0.622,0.529,0.440,5.03,0.453,0.153,0.394,0.501,0.606,0.547,0.488
08/20/2026,Seattle Mariners,Milwaukee Brewers,George Kirby,Robert Gasser,3.37,4.87,8.24,0.648,0.524,0.429,0.338,4.40,0.504,0.169,0.327,0.421,0.673,0.496,0.519
08/20/2026,New York Yankees,Baltimore Orioles,Gerrit Cole,Kyle Bradish,3.67,4.01,7.67,0.535,0.467,0.369,0.284,3.96,0.424,0.185,0.390,0.356,0.610,0.576,0.542
08/20/2026,Washington Nationals,Texas Rangers,Andrew Alvarez,Jacob deGrom,4.64,4.01,8.65,0.438,0.561,0.463,0.375,4.30,0.365,0.174,0.461,0.409,0.539,0.635,0.528
08/20/2026,Los Angeles Angels,Houston Astros,Grayson Rodriguez,Peter Lambert,3.40,4.61,8.02,0.623,0.502,0.405,0.318,4.17,0.506,0.175,0.319,0.387,0.681,0.494,0.532
